date (yyyy-MM-dd HH:mm:ss),windAlg.Spd_2m_kt,windAlg.Dir_2m,windAlg.GustAv_10m_kt,windAlg.SpdX_2m_kt,ALgt_1m_cd/m2,windAlg.Spd_10m_kt,windAlg.Dir_10m,windAlg.DirCCw_10m,windAlg.DirCw_10m,windAlg.Peak_10m_kt,zenoAlg.AT_5m_C,zenoAlg.DP_5m_C,zenoAlg.RH_5m,baroAlg.QNH_1m_mb,baroAlg.QFE_1m_mb,baroAlg.BPLow_1m_mb,visiAlg.F_Vis_1m_m,visiAlg.F_Vis_10m_m,visiAlg.VisMn_10m_m,visiAlg.VisMx_10m_m,runway,touchdown.message,rollout.message,touchdown.edge,touchdown.center,ceilAlg.Base_30s_ft,ceilAlg.layer1_report,ceilAlg.layer2_report,ceilAlg.layer3_report,ceilAlg.layer4_report,visiAlg.PW_METAR,zenoAlg.AT_5m_C,zenoAlg.RH_5m,baroAlg.BPLow_1m_Mb,windAlg.Dir_2m,windAlg.Spd_2m_kt,ALgt_1m_cd/m2
2023-02-06 00:00:15,M,,M,,,M,,,,,M,,M,M,M,,,,,,,,,,,,,,,,,M,M,,,M,
2023-02-06 00:01:15,M,,M,,,M,,,,,M,,M,M,M,,,,,,,,,,,,,,,,,M,M,,,M,
2023-02-06 00:02:15,M,,M,,,M,,,,,M,,M,M,M,,,,,,,,,,,,,,,,,M,M,,,M,
2023-02-06 00:03:15,M,,M,,,M,,,,,M,,M,M,M,,,,,,,,,,,,,,,,,M,M,,,M,
2023-02-06 00:04:15,M,,M,,,M,,,,,M,,M,M,M,,,,,,,,,,,,,,,,,M,M,,,M,
2023-02-06 00:05:15,M,,M,,,M,,,,,M,,M,M,M,,,,,,,,,,,,,,,,,M,M,,,M,
2023-02-06 00:06:15,M,,M,,,M,,,,,M,,M,M,M,,,,,,,,,,,,,,,,,M,M,,,M,
2023-02-06 00:07:15,M,,M,,,M,,,,,M,,M,M,M,,,,,,,,,,,,,,,,,M,M,,,M,
2023-02-06 00:08:15,M,,M,,,M,,,,,M,,M,M,M,,,,,,,,,,,,,,,,,M,M,,,M,
2023-02-06 00:09:15,M,,M,,,M,,,,,M,,M,M,M,,,,,,,,,,,,,,,,,M,M,,,M,
2023-02-06 00:10:15,M,,M,,,M,,,,,M,,M,M,M,,,,,,,,,,,,,,,,,M,M,,,M,
2023-02-06 00:11:15,M,,M,,,M,,,,,M,,M,M,M,,,,,,,,,,,,,,,,,M,M,,,M,
2023-02-06 00:12:15,M,,M,,,M,,,,,M,,M,M,M,,,,,,,,,,,,,,,,,M,M,,,M,
2023-02-06 00:13:15,M,,M,,,M,,,,,M,,M,M,M,,,,,,,,,,,,,,,,,M,M,,,M,
2023-02-06 00:14:15,M,,M,,,M,,,,,M,,M,M,M,,,,,,,,,,,,,,,,,M,M,,,M,
2023-02-06 00:15:15,M,,M,,,M,,,,,M,,M,M,M,,,,,,,,,,,,,,,,,M,M,,,M,
2023-02-06 00:16:15,M,,M,,,M,,,,,M,,M,M,M,,,,,,,,,,,,,,,,,M,M,,,M,
2023-02-06 00:17:15,M,,M,,,M,,,,,M,,M,M,M,,,,,,,,,,,,,,,,,M,M,,,M,
2023-02-06 00:18:15,M,,M,,,M,,,,,M,,M,M,M,,,,,,,,,,,,,,,,,M,M,,,M,
2023-02-06 00:19:15,M,,M,,,M,,,,,M,,M,M,M,,,,,,,,,,,,,,,,,M,M,,,M,
2023-02-06 00:20:15,M,,M,,,M,,,,,M,,M,M,M,,,,,,,,,,,,,,,,,M,M,,,M,
2023-02-06 00:21:15,M,,M,,,M,,,,,M,,M,M,M,,,,,,,,,,,,,,,,,M,M,,,M,
2023-02-06 00:22:15,M,,M,,,M,,,,,M,,M,M,M,,,,,,,,,,,,,,,,,M,M,,,M,
2023-02-06 00:23:15,M,,M,,,M,,,,,M,,M,M,M,,,,,,,,,,,,,,,,,M,M,,,M,
2023-02-06 00:24:15,M,,M,,,M,,,,,M,,M,M,M,,,,,,,,,,,,,,,,,M,M,,,M,
2023-02-06 00:25:15,M,,M,,,M,,,,,M,,M,M,M,,,,,,,,,,,,,,,,,M,M,,,M,
2023-02-06 00:26:15,M,,M,,,M,,,,,M,,M,M,M,,,,,,,,,,,,,,,,,M,M,,,M,
2023-02-06 00:27:15,M,,M,,,M,,,,,M,,M,M,M,,,,,,,,,,,,,,,,,M,M,,,M,
2023-02-06 00:28:15,M,,M,,,M,,,,,M,,M,M,M,,,,,,,,,,,,,,,,,M,M,,,M,
2023-02-06 00:29:15,M,,M,,,M,,,,,M,,M,M,M,,,,,,,,,,,,,,,,,M,M,,,M,
2023-02-06 00:30:15,M,,M,,,M,,,,,M,,M,M,M,,,,,,,,,,,,,,,,,M,M,,,M,
2023-02-06 00:31:15,M,,M,,,M,,,,,M,,M,M,M,,,,,,,,,,,,,,,,,M,M,,,M,
2023-02-06 00:32:15,M,,M,,,M,,,,,M,,M,M,M,,,,,,,,,,,,,,,,,M,M,,,M,
2023-02-06 00:33:15,M,,M,,,M,,,,,M,,M,M,M,,,,,,,,,,,,,,,,,M,M,,,M,
2023-02-06 00:34:15,M,,M,,,M,,,,,M,,M,M,M,,,,,,,,,,,,,,,,,M,M,,,M,
2023-02-06 00:35:15,M,,M,,,M,,,,,M,,M,M,M,,,,,,,,,,,,,,,,,M,M,,,M,
2023-02-06 00:36:15,M,,M,,,M,,,,,M,,M,M,M,,,,,,,,,,,,,,,,,M,M,,,M,
2023-02-06 00:37:15,M,,M,,,M,,,,,M,,M,M,M,,,,,,,,,,,,,,,,,M,M,,,M,
2023-02-06 00:38:15,M,,M,,,M,,,,,M,,M,M,M,,,,,,,,,,,,,,,,,M,M,,,M,
2023-02-06 00:39:15,M,,M,,,M,,,,,M,,M,M,M,,,,,,,,,,,,,,,,,M,M,,,M,
2023-02-06 00:40:15,M,,M,,,M,,,,,M,,M,M,M,,,,,,,,,,,,,,,,,M,M,,,M,
2023-02-06 00:41:15,M,,M,,,M,,,,,M,,M,M,M,,,,,,,,,,,,,,,,,M,M,,,M,
2023-02-06 00:42:15,M,,M,,,M,,,,,M,,M,M,M,,,,,,,,,,,,,,,,,M,M,,,M,
2023-02-06 00:43:15,M,,M,,,M,,,,,M,,M,M,M,,,,,,,,,,,,,,,,,M,M,,,M,
2023-02-06 00:44:15,M,,M,,,M,,,,,M,,M,M,M,,,,,,,,,,,,,,,,,M,M,,,M,
2023-02-06 00:45:15,M,,M,,,M,,,,,M,,M,M,M,,,,,,,,,,,,,,,,,M,M,,,M,
2023-02-06 00:46:15,M,,M,,,M,,,,,M,,M,M,M,,,,,,,,,,,,,,,,,M,M,,,M,
2023-02-06 00:47:15,M,,M,,,M,,,,,M,,M,M,M,,,,,,,,,,,,,,,,,M,M,,,M,
2023-02-06 00:48:15,M,,M,,,M,,,,,M,,M,M,M,,,,,,,,,,,,,,,,,M,M,,,M,
2023-02-06 00:49:15,M,,M,,,M,,,,,M,,M,M,M,,,,,,,,,,,,,,,,,M,M,,,M,
2023-02-06 00:50:15,M,,M,,,M,,,,,M,,M,M,M,,,,,,,,,,,,,,,,,M,M,,,M,
2023-02-06 00:51:15,M,,M,,,M,,,,,M,,M,M,M,,,,,,,,,,,,,,,,,M,M,,,M,
2023-02-06 00:52:15,M,,M,,,M,,,,,M,,M,M,M,,,,,,,,,,,,,,,,,M,M,,,M,
2023-02-06 00:53:15,M,,M,,,M,,,,,M,,M,M,M,,,,,,,,,,,,,,,,,M,M,,,M,
2023-02-06 00:54:15,M,,M,,,M,,,,,M,,M,M,M,,,,,,,,,,,,,,,,,M,M,,,M,
2023-02-06 00:55:15,M,,M,,,M,,,,,M,,M,M,M,,,,,,,,,,,,,,,,,M,M,,,M,
2023-02-06 00:56:15,M,,M,,,M,,,,,M,,M,M,M,,,,,,,,,,,,,,,,,M,M,,,M,
2023-02-06 00:57:15,M,,M,,,M,,,,,M,,M,M,M,,,,,,,,,,,,,,,,,M,M,,,M,
2023-02-06 00:58:15,M,,M,,,M,,,,,M,,M,M,M,,,,,,,,,,,,,,,,,M,M,,,M,
2023-02-06 00:59:15,M,,M,,,M,,,,,M,,M,M,M,,,,,,,,,,,,,,,,,M,M,,,M,
2023-02-06 01:00:15,M,,M,,,M,,,,,M,,M,M,M,,,,,,,,,,,,,,,,,M,M,,,M,
2023-02-06 01:01:15,M,,M,,,M,,,,,M,,M,M,M,,,,,,,,,,,,,,,,,M,M,,,M,
2023-02-06 01:02:15,M,,M,,,M,,,,,M,,M,M,M,,,,,,,,,,,,,,,,,M,M,,,M,
2023-02-06 01:03:15,M,,M,,,M,,,,,M,,M,M,M,,,,,,,,,,,,,,,,,M,M,,,M,
2023-02-06 01:04:15,M,,M,,,M,,,,,M,,M,M,M,,,,,,,,,,,,,,,,,M,M,,,M,
2023-02-06 01:05:15,M,,M,,,M,,,,,M,,M,M,M,,,,,,,,,,,,,,,,,M,M,,,M,
2023-02-06 01:06:15,M,,M,,,M,,,,,M,,M,M,M,,,,,,,,,,,,,,,,,M,M,,,M,
2023-02-06 01:07:15,M,,M,,,M,,,,,M,,M,M,M,,,,,,,,,,,,,,,,,M,M,,,M,
2023-02-06 01:08:15,M,,M,,,M,,,,,M,,M,M,M,,,,,,,,,,,,,,,,,M,M,,,M,
2023-02-06 01:09:15,M,,M,,,M,,,,,M,,M,M,M,,,,,,,,,,,,,,,,,M,M,,,M,
2023-02-06 01:10:15,M,,M,,,M,,,,,M,,M,M,M,,,,,,,,,,,,,,,,,M,M,,,M,
2023-02-06 01:11:15,M,,M,,,M,,,,,M,,M,M,M,,,,,,,,,,,,,,,,,M,M,,,M,
2023-02-06 01:12:15,M,,M,,,M,,,,,M,,M,M,M,,,,,,,,,,,,,,,,,M,M,,,M,
2023-02-06 01:13:15,M,,M,,,M,,,,,M,,M,M,M,,,,,,,,,,,,,,,,,M,M,,,M,
2023-02-06 01:14:15,M,,M,,,M,,,,,M,,M,M,M,,,,,,,,,,,,,,,,,M,M,,,M,
2023-02-06 01:15:15,M,,M,,,M,,,,,M,,M,M,M,,,,,,,,,,,,,,,,,M,M,,,M,
2023-02-06 01:16:15,M,,M,,,M,,,,,M,,M,M,M,,,,,,,,,,,,,,,,,M,M,,,M,
2023-02-06 01:17:15,M,,M,,,M,,,,,M,,M,M,M,,,,,,,,,,,,,,,,,M,M,,,M,
2023-02-06 01:18:15,M,,M,,,M,,,,,M,,M,M,M,,,,,,,,,,,,,,,,,M,M,,,M,
2023-02-06 01:19:15,M,,M,,,M,,,,,M,,M,M,M,,,,,,,,,,,,,,,,,M,M,,,M,
2023-02-06 01:20:15,M,,M,,,M,,,,,M,,M,M,M,,,,,,,,,,,,,,,,,M,M,,,M,
2023-02-06 01:21:15,M,,M,,,M,,,,,M,,M,M,M,,,,,,,,,,,,,,,,,M,M,,,M,
2023-02-06 01:22:15,M,,M,,,M,,,,,M,,M,M,M,,,,,,,,,,,,,,,,,M,M,,,M,
2023-02-06 01:23:15,M,,M,,,M,,,,,M,,M,M,M,,,,,,,,,,,,,,,,,M,M,,,M,
2023-02-06 01:24:15,M,,M,,,M,,,,,M,,M,M,M,,,,,,,,,,,,,,,,,M,M,,,M,
2023-02-06 01:25:15,M,,M,,,M,,,,,M,,M,M,M,,,,,,,,,,,,,,,,,M,M,,,M,
2023-02-06 01:26:15,M,,M,,,M,,,,,M,,M,M,M,,,,,,,,,,,,,,,,,M,M,,,M,
2023-02-06 01:27:15,M,,M,,,M,,,,,M,,M,M,M,,,,,,,,,,,,,,,,,M,M,,,M,
2023-02-06 01:28:15,M,,M,,,M,,,,,M,,M,M,M,,,,,,,,,,,,,,,,,M,M,,,M,
2023-02-06 01:29:15,M,,M,,,M,,,,,M,,M,M,M,,,,,,,,,,,,,,,,,M,M,,,M,
2023-02-06 01:30:15,M,,M,,,M,,,,,M,,M,M,M,,,,,,,,,,,,,,,,,M,M,,,M,
2023-02-06 01:31:15,M,,M,,,M,,,,,M,,M,M,M,,,,,,,,,,,,,,,,,M,M,,,M,
2023-02-06 01:32:15,M,,M,,,M,,,,,M,,M,M,M,,,,,,,,,,,,,,,,,M,M,,,M,
2023-02-06 01:33:15,M,,M,,,M,,,,,M,,M,M,M,,,,,,,,,,,,,,,,,M,M,,,M,
2023-02-06 01:34:15,M,,M,,,M,,,,,M,,M,M,M,,,,,,,,,,,,,,,,,M,M,,,M,
2023-02-06 01:35:15,M,,M,,,M,,,,,M,,M,M,M,,,,,,,,,,,,,,,,,M,M,,,M,
2023-02-06 01:36:15,M,,M,,,M,,,,,M,,M,M,M,,,,,,,,,,,,,,,,,M,M,,,M,
2023-02-06 01:37:15,M,,M,,,M,,,,,M,,M,M,M,,,,,,,,,,,,,,,,,M,M,,,M,
2023-02-06 01:38:15,M,,M,,,M,,,,,M,,M,M,M,,,,,,,,,,,,,,,,,M,M,,,M,
2023-02-06 01:39:15,M,,M,,,M,,,,,M,,M,M,M,,,,,,,,,,,,,,,,,M,M,,,M,
2023-02-06 01:40:15,M,,M,,,M,,,,,M,,M,M,M,,,,,,,,,,,,,,,,,M,M,,,M,
2023-02-06 01:41:15,M,,M,,,M,,,,,M,,M,M,M,,,,,,,,,,,,,,,,,M,M,,,M,
2023-02-06 01:42:15,M,,M,,,M,,,,,M,,M,M,M,,,,,,,,,,,,,,,,,M,M,,,M,
2023-02-06 01:43:15,M,,M,,,M,,,,,M,,M,M,M,,,,,,,,,,,,,,,,,M,M,,,M,
2023-02-06 01:44:15,M,,M,,,M,,,,,M,,M,M,M,,,,,,,,,,,,,,,,,M,M,,,M,
2023-02-06 01:45:15,M,,M,,,M,,,,,M,,M,M,M,,,,,,,,,,,,,,,,,M,M,,,M,
2023-02-06 01:46:15,M,,M,,,M,,,,,M,,M,M,M,,,,,,,,,,,,,,,,,M,M,,,M,
2023-02-06 01:47:15,M,,M,,,M,,,,,M,,M,M,M,,,,,,,,,,,,,,,,,M,M,,,M,
2023-02-06 01:48:15,M,,M,,,M,,,,,M,,M,M,M,,,,,,,,,,,,,,,,,M,M,,,M,
2023-02-06 01:49:15,M,,M,,,M,,,,,M,,M,M,M,,,,,,,,,,,,,,,,,M,M,,,M,
2023-02-06 01:50:15,M,,M,,,M,,,,,M,,M,M,M,,,,,,,,,,,,,,,,,M,M,,,M,
2023-02-06 01:51:15,M,,M,,,M,,,,,M,,M,M,M,,,,,,,,,,,,,,,,,M,M,,,M,
2023-02-06 01:52:15,M,,M,,,M,,,,,M,,M,M,M,,,,,,,,,,,,,,,,,M,M,,,M,
2023-02-06 01:53:15,M,,M,,,M,,,,,M,,M,M,M,,,,,,,,,,,,,,,,,M,M,,,M,
2023-02-06 01:54:15,M,,M,,,M,,,,,M,,M,M,M,,,,,,,,,,,,,,,,,M,M,,,M,
2023-02-06 01:55:15,M,,M,,,M,,,,,M,,M,M,M,,,,,,,,,,,,,,,,,M,M,,,M,
2023-02-06 01:56:15,M,,M,,,M,,,,,M,,M,M,M,,,,,,,,,,,,,,,,,M,M,,,M,
2023-02-06 01:57:15,M,,M,,,M,,,,,M,,M,M,M,,,,,,,,,,,,,,,,,M,M,,,M,
2023-02-06 01:58:15,M,,M,,,M,,,,,M,,M,M,M,,,,,,,,,,,,,,,,,M,M,,,M,
2023-02-06 01:59:15,M,,M,,,M,,,,,M,,M,M,M,,,,,,,,,,,,,,,,,M,M,,,M,
2023-02-06 02:00:15,M,,M,,,M,,,,,M,,M,M,M,,,,,,,,,,,,,,,,,M,M,,,M,
2023-02-06 02:01:15,M,,M,,,M,,,,,M,,M,M,M,,,,,,,,,,,,,,,,,M,M,,,M,
2023-02-06 02:02:15,M,,M,,,M,,,,,M,,M,M,M,,,,,,,,,,,,,,,,,M,M,,,M,
2023-02-06 02:03:15,M,,M,,,M,,,,,M,,M,M,M,,,,,,,,,,,,,,,,,M,M,,,M,
2023-02-06 02:04:15,M,,M,,,M,,,,,M,,M,M,M,,,,,,,,,,,,,,,,,M,M,,,M,
2023-02-06 02:05:15,M,,M,,,M,,,,,M,,M,M,M,,,,,,,,,,,,,,,,,M,M,,,M,
2023-02-06 02:06:15,M,,M,,,M,,,,,M,,M,M,M,,,,,,,,,,,,,,,,,M,M,,,M,
2023-02-06 02:07:15,M,,M,,,M,,,,,M,,M,M,M,,,,,,,,,,,,,,,,,M,M,,,M,
2023-02-06 02:08:15,M,,M,,,M,,,,,M,,M,M,M,,,,,,,,,,,,,,,,,M,M,,,M,
2023-02-06 02:09:15,M,,M,,,M,,,,,M,,M,M,M,,,,,,,,,,,,,,,,,M,M,,,M,
2023-02-06 02:10:15,M,,M,,,M,,,,,M,,M,M,M,,,,,,,,,,,,,,,,,M,M,,,M,
2023-02-06 02:11:15,M,,M,,,M,,,,,M,,M,M,M,,,,,,,,,,,,,,,,,M,M,,,M,
2023-02-06 02:12:15,M,,M,,,M,,,,,M,,M,M,M,,,,,,,,,,,,,,,,,M,M,,,M,
2023-02-06 02:13:15,M,,M,,,M,,,,,M,,M,M,M,,,,,,,,,,,,,,,,,M,M,,,M,
2023-02-06 02:14:15,M,,M,,,M,,,,,M,,M,M,M,,,,,,,,,,,,,,,,,M,M,,,M,
2023-02-06 02:15:15,M,,M,,,M,,,,,M,,M,M,M,,,,,,,,,,,,,,,,,M,M,,,M,
2023-02-06 02:16:15,M,,M,,,M,,,,,M,,M,M,M,,,,,,,,,,,,,,,,,M,M,,,M,
2023-02-06 02:17:15,M,,M,,,M,,,,,M,,M,M,M,,,,,,,,,,,,,,,,,M,M,,,M,
2023-02-06 02:18:15,M,,M,,,M,,,,,M,,M,M,M,,,,,,,,,,,,,,,,,M,M,,,M,
2023-02-06 02:19:15,M,,M,,,M,,,,,M,,M,M,M,,,,,,,,,,,,,,,,,M,M,,,M,
2023-02-06 02:20:15,M,,M,,,M,,,,,M,,M,M,M,,,,,,,,,,,,,,,,,M,M,,,M,
2023-02-06 02:21:15,M,,M,,,M,,,,,M,,M,M,M,,,,,,,,,,,,,,,,,M,M,,,M,
2023-02-06 02:22:15,M,,M,,,M,,,,,M,,M,M,M,,,,,,,,,,,,,,,,,M,M,,,M,
2023-02-06 02:23:15,M,,M,,,M,,,,,M,,M,M,M,,,,,,,,,,,,,,,,,M,M,,,M,
2023-02-06 02:24:15,M,,M,,,M,,,,,M,,M,M,M,,,,,,,,,,,,,,,,,M,M,,,M,
2023-02-06 02:25:15,M,,M,,,M,,,,,M,,M,M,M,,,,,,,,,,,,,,,,,M,M,,,M,
2023-02-06 02:26:15,M,,M,,,M,,,,,M,,M,M,M,,,,,,,,,,,,,,,,,M,M,,,M,
2023-02-06 02:27:15,M,,M,,,M,,,,,M,,M,M,M,,,,,,,,,,,,,,,,,M,M,,,M,
2023-02-06 02:28:15,M,,M,,,M,,,,,M,,M,M,M,,,,,,,,,,,,,,,,,M,M,,,M,
2023-02-06 02:29:15,M,,M,,,M,,,,,M,,M,M,M,,,,,,,,,,,,,,,,,M,M,,,M,
2023-02-06 02:30:15,M,,M,,,M,,,,,M,,M,M,M,,,,,,,,,,,,,,,,,M,M,,,M,
2023-02-06 02:31:15,M,,M,,,M,,,,,M,,M,M,M,,,,,,,,,,,,,,,,,M,M,,,M,
2023-02-06 02:32:15,M,,M,,,M,,,,,M,,M,M,M,,,,,,,,,,,,,,,,,M,M,,,M,
2023-02-06 02:33:15,M,,M,,,M,,,,,M,,M,M,M,,,,,,,,,,,,,,,,,M,M,,,M,
2023-02-06 02:34:15,M,,M,,,M,,,,,M,,M,M,M,,,,,,,,,,,,,,,,,M,M,,,M,
2023-02-06 02:35:15,M,,M,,,M,,,,,M,,M,M,M,,,,,,,,,,,,,,,,,M,M,,,M,
2023-02-06 02:36:15,M,,M,,,M,,,,,M,,M,M,M,,,,,,,,,,,,,,,,,M,M,,,M,
2023-02-06 02:37:15,M,,M,,,M,,,,,M,,M,M,M,,,,,,,,,,,,,,,,,M,M,,,M,
2023-02-06 02:38:15,M,,M,,,M,,,,,M,,M,M,M,,,,,,,,,,,,,,,,,M,M,,,M,
2023-02-06 02:39:15,M,,M,,,M,,,,,M,,M,M,M,,,,,,,,,,,,,,,,,M,M,,,M,
2023-02-06 02:40:15,M,,M,,,M,,,,,M,,M,M,M,,,,,,,,,,,,,,,,,M,M,,,M,
2023-02-06 02:41:15,M,,M,,,M,,,,,M,,M,M,M,,,,,,,,,,,,,,,,,M,M,,,M,
2023-02-06 02:42:15,M,,M,,,M,,,,,M,,M,M,M,,,,,,,,,,,,,,,,,M,M,,,M,
2023-02-06 02:43:15,M,,M,,,M,,,,,M,,M,M,M,,,,,,,,,,,,,,,,,M,M,,,M,
2023-02-06 02:44:15,M,,M,,,M,,,,,M,,M,M,M,,,,,,,,,,,,,,,,,M,M,,,M,
2023-02-06 02:45:15,M,,M,,,M,,,,,M,,M,M,M,,,,,,,,,,,,,,,,,M,M,,,M,
2023-02-06 02:46:15,M,,M,,,M,,,,,M,,M,M,M,,,,,,,,,,,,,,,,,M,M,,,M,
2023-02-06 02:47:15,M,,M,,,M,,,,,M,,M,M,M,,,,,,,,,,,,,,,,,M,M,,,M,
2023-02-06 02:48:15,M,,M,,,M,,,,,M,,M,M,M,,,,,,,,,,,,,,,,,M,M,,,M,
2023-02-06 02:49:15,M,,M,,,M,,,,,M,,M,M,M,,,,,,,,,,,,,,,,,M,M,,,M,
2023-02-06 02:50:15,M,,M,,,M,,,,,M,,M,M,M,,,,,,,,,,,,,,,,,M,M,,,M,
2023-02-06 02:51:15,M,,M,,,M,,,,,M,,M,M,M,,,,,,,,,,,,,,,,,M,M,,,M,
2023-02-06 02:52:15,M,,M,,,M,,,,,M,,M,M,M,,,,,,,,,,,,,,,,,M,M,,,M,
2023-02-06 02:53:15,M,,M,,,M,,,,,M,,M,M,M,,,,,,,,,,,,,,,,,M,M,,,M,
2023-02-06 02:54:15,M,,M,,,M,,,,,M,,M,M,M,,,,,,,,,,,,,,,,,M,M,,,M,
2023-02-06 02:55:15,M,,M,,,M,,,,,M,,M,M,M,,,,,,,,,,,,,,,,,M,M,,,M,
2023-02-06 02:56:15,M,,M,,,M,,,,,M,,M,M,M,,,,,,,,,,,,,,,,,M,M,,,M,
2023-02-06 02:57:15,M,,M,,,M,,,,,M,,M,M,M,,,,,,,,,,,,,,,,,M,M,,,M,
2023-02-06 02:58:15,M,,M,,,M,,,,,M,,M,M,M,,,,,,,,,,,,,,,,,M,M,,,M,
2023-02-06 02:59:15,M,,M,,,M,,,,,M,,M,M,M,,,,,,,,,,,,,,,,,M,M,,,M,
2023-02-06 03:00:15,M,,M,,,M,,,,,M,,M,M,M,,,,,,,,,,,,,,,,,M,M,,,M,
2023-02-06 03:01:15,M,,M,,,M,,,,,M,,M,M,M,,,,,,,,,,,,,,,,,M,M,,,M,
2023-02-06 03:02:15,M,,M,,,M,,,,,M,,M,M,M,,,,,,,,,,,,,,,,,M,M,,,M,
2023-02-06 03:03:15,M,,M,,,M,,,,,M,,M,M,M,,,,,,,,,,,,,,,,,M,M,,,M,
2023-02-06 03:04:15,M,,M,,,M,,,,,M,,M,M,M,,,,,,,,,,,,,,,,,M,M,,,M,
2023-02-06 03:05:15,M,,M,,,M,,,,,M,,M,M,M,,,,,,,,,,,,,,,,,M,M,,,M,
2023-02-06 03:06:15,M,,M,,,M,,,,,M,,M,M,M,,,,,,,,,,,,,,,,,M,M,,,M,
2023-02-06 03:07:15,M,,M,,,M,,,,,M,,M,M,M,,,,,,,,,,,,,,,,,M,M,,,M,
2023-02-06 03:08:15,M,,M,,,M,,,,,M,,M,M,M,,,,,,,,,,,,,,,,,M,M,,,M,
2023-02-06 03:09:15,M,,M,,,M,,,,,M,,M,M,M,,,,,,,,,,,,,,,,,M,M,,,M,
2023-02-06 03:10:15,M,,M,,,M,,,,,M,,M,M,M,,,,,,,,,,,,,,,,,M,M,,,M,
2023-02-06 03:11:15,M,,M,,,M,,,,,M,,M,M,M,,,,,,,,,,,,,,,,,M,M,,,M,
2023-02-06 03:12:15,M,,M,,,M,,,,,M,,M,M,M,,,,,,,,,,,,,,,,,M,M,,,M,
2023-02-06 03:13:15,M,,M,,,M,,,,,M,,M,M,M,,,,,,,,,,,,,,,,,M,M,,,M,
2023-02-06 03:14:15,M,,M,,,M,,,,,M,,M,M,M,,,,,,,,,,,,,,,,,M,M,,,M,
2023-02-06 03:15:15,M,,M,,,M,,,,,M,,M,M,M,,,,,,,,,,,,,,,,,M,M,,,M,
2023-02-06 03:16:15,M,,M,,,M,,,,,M,,M,M,M,,,,,,,,,,,,,,,,,M,M,,,M,
2023-02-06 03:17:15,M,,M,,,M,,,,,M,,M,M,M,,,,,,,,,,,,,,,,,M,M,,,M,
2023-02-06 03:18:15,M,,M,,,M,,,,,M,,M,M,M,,,,,,,,,,,,,,,,,M,M,,,M,
2023-02-06 03:19:15,M,,M,,,M,,,,,M,,M,M,M,,,,,,,,,,,,,,,,,M,M,,,M,
2023-02-06 03:20:15,M,,M,,,M,,,,,M,,M,M,M,,,,,,,,,,,,,,,,,M,M,,,M,
2023-02-06 03:21:15,M,,M,,,M,,,,,M,,M,M,M,,,,,,,,,,,,,,,,,M,M,,,M,
2023-02-06 03:22:15,M,,M,,,M,,,,,M,,M,M,M,,,,,,,,,,,,,,,,,M,M,,,M,
2023-02-06 03:23:15,M,,M,,,M,,,,,M,,M,M,M,,,,,,,,,,,,,,,,,M,M,,,M,
2023-02-06 03:24:15,M,,M,,,M,,,,,M,,M,M,M,,,,,,,,,,,,,,,,,M,M,,,M,
2023-02-06 03:25:15,M,,M,,,M,,,,,M,,M,M,M,,,,,,,,,,,,,,,,,M,M,,,M,
2023-02-06 03:26:15,M,,M,,,M,,,,,M,,M,M,M,,,,,,,,,,,,,,,,,M,M,,,M,
2023-02-06 03:27:15,M,,M,,,M,,,,,M,,M,M,M,,,,,,,,,,,,,,,,,M,M,,,M,
2023-02-06 03:28:15,M,,M,,,M,,,,,M,,M,M,M,,,,,,,,,,,,,,,,,M,M,,,M,
2023-02-06 03:29:15,M,,M,,,M,,,,,M,,M,M,M,,,,,,,,,,,,,,,,,M,M,,,M,
2023-02-06 03:30:15,M,,M,,,M,,,,,M,,M,M,M,,,,,,,,,,,,,,,,,M,M,,,M,
2023-02-06 03:31:15,M,,M,,,M,,,,,M,,M,M,M,,,,,,,,,,,,,,,,,M,M,,,M,
2023-02-06 03:32:15,M,,M,,,M,,,,,M,,M,M,M,,,,,,,,,,,,,,,,,M,M,,,M,
2023-02-06 03:33:15,M,,M,,,M,,,,,M,,M,M,M,,,,,,,,,,,,,,,,,M,M,,,M,
2023-02-06 03:34:15,M,,M,,,M,,,,,M,,M,M,M,,,,,,,,,,,,,,,,,M,M,,,M,
2023-02-06 03:35:15,M,,M,,,M,,,,,M,,M,M,M,,,,,,,,,,,,,,,,,M,M,,,M,
2023-02-06 03:36:15,M,,M,,,M,,,,,M,,M,M,M,,,,,,,,,,,,,,,,,M,M,,,M,
2023-02-06 03:37:15,M,,M,,,M,,,,,M,,M,M,M,,,,,,,,,,,,,,,,,M,M,,,M,
2023-02-06 03:38:15,M,,M,,,M,,,,,M,,M,M,M,,,,,,,,,,,,,,,,,M,M,,,M,
2023-02-06 03:39:15,M,,M,,,M,,,,,M,,M,M,M,,,,,,,,,,,,,,,,,M,M,,,M,
2023-02-06 03:40:15,M,,M,,,M,,,,,M,,M,M,M,,,,,,,,,,,,,,,,,M,M,,,M,
2023-02-06 03:41:15,M,,M,,,M,,,,,M,,M,M,M,,,,,,,,,,,,,,,,,M,M,,,M,
2023-02-06 03:42:15,M,,M,,,M,,,,,M,,M,M,M,,,,,,,,,,,,,,,,,M,M,,,M,
2023-02-06 03:43:15,M,,M,,,M,,,,,M,,M,M,M,,,,,,,,,,,,,,,,,M,M,,,M,
2023-02-06 03:44:15,M,,M,,,M,,,,,M,,M,M,M,,,,,,,,,,,,,,,,,M,M,,,M,
2023-02-06 03:45:15,M,,M,,,M,,,,,M,,M,M,M,,,,,,,,,,,,,,,,,M,M,,,M,
2023-02-06 03:46:15,M,,M,,,M,,,,,M,,M,M,M,,,,,,,,,,,,,,,,,M,M,,,M,
2023-02-06 03:47:15,M,,M,,,M,,,,,M,,M,M,M,,,,,,,,,,,,,,,,,M,M,,,M,
2023-02-06 03:48:15,M,,M,,,M,,,,,M,,M,M,M,,,,,,,,,,,,,,,,,M,M,,,M,
2023-02-06 03:49:15,M,,M,,,M,,,,,M,,M,M,M,,,,,,,,,,,,,,,,,M,M,,,M,
2023-02-06 03:50:15,M,,M,,,M,,,,,M,,M,M,M,,,,,,,,,,,,,,,,,M,M,,,M,
2023-02-06 03:51:15,M,,M,,,M,,,,,M,,M,M,M,,,,,,,,,,,,,,,,,M,M,,,M,
2023-02-06 03:52:15,M,,M,,,M,,,,,M,,M,M,M,,,,,,,,,,,,,,,,,M,M,,,M,
2023-02-06 03:53:15,M,,M,,,M,,,,,M,,M,M,M,,,,,,,,,,,,,,,,,M,M,,,M,
2023-02-06 03:54:15,M,,M,,,M,,,,,M,,M,M,M,,,,,,,,,,,,,,,,,M,M,,,M,
2023-02-06 03:55:15,M,,M,,,M,,,,,M,,M,M,M,,,,,,,,,,,,,,,,,M,M,,,M,
2023-02-06 03:56:15,M,,M,,,M,,,,,M,,M,M,M,,,,,,,,,,,,,,,,,M,M,,,M,
2023-02-06 03:57:15,M,,M,,,M,,,,,M,,M,M,M,,,,,,,,,,,,,,,,,M,M,,,M,
2023-02-06 03:58:15,M,,M,,,M,,,,,M,,M,M,M,,,,,,,,,,,,,,,,,M,M,,,M,
2023-02-06 03:59:15,M,,M,,,M,,,,,M,,M,M,M,,,,,,,,,,,,,,,,,M,M,,,M,
2023-02-06 04:00:15,M,,M,,,M,,,,,M,,M,M,M,,,,,,,,,,,,,,,,,M,M,,,M,
2023-02-06 04:01:15,M,,M,,,M,,,,,M,,M,M,M,,,,,,,,,,,,,,,,,M,M,,,M,
2023-02-06 04:02:15,M,,M,,,M,,,,,M,,M,M,M,,,,,,,,,,,,,,,,,M,M,,,M,
2023-02-06 04:03:15,M,,M,,,M,,,,,M,,M,M,M,,,,,,,,,,,,,,,,,M,M,,,M,
2023-02-06 04:04:15,M,,M,,,M,,,,,M,,M,M,M,,,,,,,,,,,,,,,,,M,M,,,M,
2023-02-06 04:05:15,M,,M,,,M,,,,,M,,M,M,M,,,,,,,,,,,,,,,,,M,M,,,M,
2023-02-06 04:06:15,M,,M,,,M,,,,,M,,M,M,M,,,,,,,,,,,,,,,,,M,M,,,M,
2023-02-06 04:07:15,M,,M,,,M,,,,,M,,M,M,M,,,,,,,,,,,,,,,,,M,M,,,M,
2023-02-06 04:08:15,M,,M,,,M,,,,,M,,M,M,M,,,,,,,,,,,,,,,,,M,M,,,M,
2023-02-06 04:09:15,M,,M,,,M,,,,,M,,M,M,M,,,,,,,,,,,,,,,,,M,M,,,M,
2023-02-06 04:10:15,M,,M,,,M,,,,,M,,M,M,M,,,,,,,,,,,,,,,,,M,M,,,M,
2023-02-06 04:11:15,M,,M,,,M,,,,,M,,M,M,M,,,,,,,,,,,,,,,,,M,M,,,M,
2023-02-06 04:12:15,M,,M,,,M,,,,,M,,M,M,M,,,,,,,,,,,,,,,,,M,M,,,M,
2023-02-06 04:13:15,M,,M,,,M,,,,,M,,M,M,M,,,,,,,,,,,,,,,,,M,M,,,M,
2023-02-06 04:14:15,M,,M,,,M,,,,,M,,M,M,M,,,,,,,,,,,,,,,,,M,M,,,M,
2023-02-06 04:15:15,M,,M,,,M,,,,,M,,M,M,M,,,,,,,,,,,,,,,,,M,M,,,M,
2023-02-06 04:16:15,M,,M,,,M,,,,,M,,M,M,M,,,,,,,,,,,,,,,,,M,M,,,M,
2023-02-06 04:17:15,M,,M,,,M,,,,,M,,M,M,M,,,,,,,,,,,,,,,,,M,M,,,M,
2023-02-06 04:18:15,M,,M,,,M,,,,,M,,M,M,M,,,,,,,,,,,,,,,,,M,M,,,M,
2023-02-06 04:19:15,M,,M,,,M,,,,,M,,M,M,M,,,,,,,,,,,,,,,,,M,M,,,M,
2023-02-06 04:20:15,M,,M,,,M,,,,,M,,M,M,M,,,,,,,,,,,,,,,,,M,M,,,M,
2023-02-06 04:21:15,M,,M,,,M,,,,,M,,M,M,M,,,,,,,,,,,,,,,,,M,M,,,M,
2023-02-06 04:22:15,M,,M,,,M,,,,,M,,M,M,M,,,,,,,,,,,,,,,,,M,M,,,M,
2023-02-06 04:23:15,M,,M,,,M,,,,,M,,M,M,M,,,,,,,,,,,,,,,,,M,M,,,M,
2023-02-06 04:24:15,M,,M,,,M,,,,,M,,M,M,M,,,,,,,,,,,,,,,,,M,M,,,M,
2023-02-06 04:25:15,M,,M,,,M,,,,,M,,M,M,M,,,,,,,,,,,,,,,,,M,M,,,M,
2023-02-06 04:26:15,M,,M,,,M,,,,,M,,M,M,M,,,,,,,,,,,,,,,,,M,M,,,M,
2023-02-06 04:27:15,M,,M,,,M,,,,,M,,M,M,M,,,,,,,,,,,,,,,,,M,M,,,M,
2023-02-06 04:28:15,M,,M,,,M,,,,,M,,M,M,M,,,,,,,,,,,,,,,,,M,M,,,M,
2023-02-06 04:29:15,M,,M,,,M,,,,,M,,M,M,M,,,,,,,,,,,,,,,,,M,M,,,M,
2023-02-06 04:30:15,M,,M,,,M,,,,,M,,M,M,M,,,,,,,,,,,,,,,,,M,M,,,M,
2023-02-06 04:31:15,M,,M,,,M,,,,,M,,M,M,M,,,,,,,,,,,,,,,,,M,M,,,M,
2023-02-06 04:32:15,M,,M,,,M,,,,,M,,M,M,M,,,,,,,,,,,,,,,,,M,M,,,M,
2023-02-06 04:33:15,M,,M,,,M,,,,,M,,M,M,M,,,,,,,,,,,,,,,,,M,M,,,M,
2023-02-06 04:34:15,M,,M,,,M,,,,,M,,M,M,M,,,,,,,,,,,,,,,,,M,M,,,M,
2023-02-06 04:35:15,M,,M,,,M,,,,,M,,M,M,M,,,,,,,,,,,,,,,,,M,M,,,M,
2023-02-06 04:36:15,M,,M,,,M,,,,,M,,M,M,M,,,,,,,,,,,,,,,,,M,M,,,M,
2023-02-06 04:37:15,M,,M,,,M,,,,,M,,M,M,M,,,,,,,,,,,,,,,,,M,M,,,M,
2023-02-06 04:38:15,M,,M,,,M,,,,,M,,M,M,M,,,,,,,,,,,,,,,,,M,M,,,M,
2023-02-06 04:39:15,M,,M,,,M,,,,,M,,M,M,M,,,,,,,,,,,,,,,,,M,M,,,M,
2023-02-06 04:40:15,M,,M,,,M,,,,,M,,M,M,M,,,,,,,,,,,,,,,,,M,M,,,M,
2023-02-06 04:41:15,M,,M,,,M,,,,,M,,M,M,M,,,,,,,,,,,,,,,,,M,M,,,M,
2023-02-06 04:42:15,M,,M,,,M,,,,,M,,M,M,M,,,,,,,,,,,,,,,,,M,M,,,M,
2023-02-06 04:43:15,M,,M,,,M,,,,,M,,M,M,M,,,,,,,,,,,,,,,,,M,M,,,M,
2023-02-06 04:44:15,M,,M,,,M,,,,,M,,M,M,M,,,,,,,,,,,,,,,,,M,M,,,M,
2023-02-06 04:45:15,M,,M,,,M,,,,,M,,M,M,M,,,,,,,,,,,,,,,,,M,M,,,M,
2023-02-06 04:46:15,M,,M,,,M,,,,,M,,M,M,M,,,,,,,,,,,,,,,,,M,M,,,M,
2023-02-06 04:47:15,M,,M,,,M,,,,,M,,M,M,M,,,,,,,,,,,,,,,,,M,M,,,M,
2023-02-06 04:48:15,M,,M,,,M,,,,,M,,M,M,M,,,,,,,,,,,,,,,,,M,M,,,M,
2023-02-06 04:49:15,M,,M,,,M,,,,,M,,M,M,M,,,,,,,,,,,,,,,,,M,M,,,M,
2023-02-06 04:50:15,M,,M,,,M,,,,,M,,M,M,M,,,,,,,,,,,,,,,,,M,M,,,M,
2023-02-06 04:51:15,M,,M,,,M,,,,,M,,M,M,M,,,,,,,,,,,,,,,,,M,M,,,M,
2023-02-06 04:52:15,M,,M,,,M,,,,,M,,M,M,M,,,,,,,,,,,,,,,,,M,M,,,M,
2023-02-06 04:53:15,M,,M,,,M,,,,,M,,M,M,M,,,,,,,,,,,,,,,,,M,M,,,M,
2023-02-06 04:54:15,M,,M,,,M,,,,,M,,M,M,M,,,,,,,,,,,,,,,,,M,M,,,M,
2023-02-06 04:55:15,M,,M,,,M,,,,,M,,M,M,M,,,,,,,,,,,,,,,,,M,M,,,M,
2023-02-06 04:56:15,M,,M,,,M,,,,,M,,M,M,M,,,,,,,,,,,,,,,,,M,M,,,M,
2023-02-06 04:57:15,M,,M,,,M,,,,,M,,M,M,M,,,,,,,,,,,,,,,,,M,M,,,M,
2023-02-06 04:58:15,M,,M,,,M,,,,,M,,M,M,M,,,,,,,,,,,,,,,,,M,M,,,M,
2023-02-06 04:59:15,M,,M,,,M,,,,,M,,M,M,M,,,,,,,,,,,,,,,,,M,M,,,M,
2023-02-06 05:00:15,M,,M,,,M,,,,,M,,M,M,M,,,,,,,,,,,,,,,,,M,M,,,M,
2023-02-06 05:01:15,M,,M,,,M,,,,,M,,M,M,M,,,,,,,,,,,,,,,,,M,M,,,M,
2023-02-06 05:02:15,M,,M,,,M,,,,,M,,M,M,M,,,,,,,,,,,,,,,,,M,M,,,M,
2023-02-06 05:03:15,M,,M,,,M,,,,,M,,M,M,M,,,,,,,,,,,,,,,,,M,M,,,M,
2023-02-06 05:04:15,M,,M,,,M,,,,,M,,M,M,M,,,,,,,,,,,,,,,,,M,M,,,M,
2023-02-06 05:05:15,M,,M,,,M,,,,,M,,M,M,M,,,,,,,,,,,,,,,,,M,M,,,M,
2023-02-06 05:06:15,M,,M,,,M,,,,,M,,M,M,M,,,,,,,,,,,,,,,,,M,M,,,M,
2023-02-06 05:07:15,M,,M,,,M,,,,,M,,M,M,M,,,,,,,,,,,,,,,,,M,M,,,M,
2023-02-06 05:08:15,M,,M,,,M,,,,,M,,M,M,M,,,,,,,,,,,,,,,,,M,M,,,M,
2023-02-06 05:09:15,M,,M,,,M,,,,,M,,M,M,M,,,,,,,,,,,,,,,,,M,M,,,M,
2023-02-06 05:10:15,M,,M,,,M,,,,,M,,M,M,M,,,,,,,,,,,,,,,,,M,M,,,M,
2023-02-06 05:11:15,M,,M,,,M,,,,,M,,M,M,M,,,,,,,,,,,,,,,,,M,M,,,M,
2023-02-06 05:12:15,M,,M,,,M,,,,,M,,M,M,M,,,,,,,,,,,,,,,,,M,M,,,M,
2023-02-06 05:13:15,M,,M,,,M,,,,,M,,M,M,M,,,,,,,,,,,,,,,,,M,M,,,M,
2023-02-06 05:14:15,M,,M,,,M,,,,,M,,M,M,M,,,,,,,,,,,,,,,,,M,M,,,M,
2023-02-06 05:15:15,M,,M,,,M,,,,,M,,M,M,M,,,,,,,,,,,,,,,,,M,M,,,M,
2023-02-06 05:16:15,M,,M,,,M,,,,,M,,M,M,M,,,,,,,,,,,,,,,,,M,M,,,M,
2023-02-06 05:17:15,M,,M,,,M,,,,,M,,M,M,M,,,,,,,,,,,,,,,,,M,M,,,M,
2023-02-06 05:18:15,M,,M,,,M,,,,,M,,M,M,M,,,,,,,,,,,,,,,,,M,M,,,M,
2023-02-06 05:19:15,M,,M,,,M,,,,,M,,M,M,M,,,,,,,,,,,,,,,,,M,M,,,M,
2023-02-06 05:20:15,M,,M,,,M,,,,,M,,M,M,M,,,,,,,,,,,,,,,,,M,M,,,M,
2023-02-06 05:21:15,M,,M,,,M,,,,,M,,M,M,M,,,,,,,,,,,,,,,,,M,M,,,M,
2023-02-06 05:22:15,M,,M,,,M,,,,,M,,M,M,M,,,,,,,,,,,,,,,,,M,M,,,M,
2023-02-06 05:23:15,M,,M,,,M,,,,,M,,M,M,M,,,,,,,,,,,,,,,,,M,M,,,M,
2023-02-06 05:24:15,M,,M,,,M,,,,,M,,M,M,M,,,,,,,,,,,,,,,,,M,M,,,M,
2023-02-06 05:25:15,M,,M,,,M,,,,,M,,M,M,M,,,,,,,,,,,,,,,,,M,M,,,M,
2023-02-06 05:26:15,M,,M,,,M,,,,,M,,M,M,M,,,,,,,,,,,,,,,,,M,M,,,M,
2023-02-06 05:27:15,M,,M,,,M,,,,,M,,M,M,M,,,,,,,,,,,,,,,,,M,M,,,M,
2023-02-06 05:28:15,M,,M,,,M,,,,,M,,M,M,M,,,,,,,,,,,,,,,,,M,M,,,M,
2023-02-06 05:29:15,M,,M,,,M,,,,,M,,M,M,M,,,,,,,,,,,,,,,,,M,M,,,M,
2023-02-06 05:30:15,M,,M,,,M,,,,,M,,M,M,M,,,,,,,,,,,,,,,,,M,M,,,M,
2023-02-06 05:31:15,M,,M,,,M,,,,,M,,M,M,M,,,,,,,,,,,,,,,,,M,M,,,M,
2023-02-06 05:32:15,M,,M,,,M,,,,,M,,M,M,M,,,,,,,,,,,,,,,,,M,M,,,M,
2023-02-06 05:33:15,M,,M,,,M,,,,,M,,M,M,M,,,,,,,,,,,,,,,,,M,M,,,M,
2023-02-06 05:34:15,M,,M,,,M,,,,,M,,M,M,M,,,,,,,,,,,,,,,,,M,M,,,M,
2023-02-06 05:35:15,M,,M,,,M,,,,,M,,M,M,M,,,,,,,,,,,,,,,,,M,M,,,M,
2023-02-06 05:36:15,M,,M,,,M,,,,,M,,M,M,M,,,,,,,,,,,,,,,,,M,M,,,M,
2023-02-06 05:37:15,M,,M,,,M,,,,,M,,M,M,M,,,,,,,,,,,,,,,,,M,M,,,M,
2023-02-06 05:38:15,M,,M,,,M,,,,,M,,M,M,M,,,,,,,,,,,,,,,,,M,M,,,M,
2023-02-06 05:39:15,M,,M,,,M,,,,,M,,M,M,M,,,,,,,,,,,,,,,,,M,M,,,M,
2023-02-06 05:40:15,M,,M,,,M,,,,,M,,M,M,M,,,,,,,,,,,,,,,,,M,M,,,M,
2023-02-06 05:41:15,M,,M,,,M,,,,,M,,M,M,M,,,,,,,,,,,,,,,,,M,M,,,M,
2023-02-06 05:42:15,M,,M,,,M,,,,,M,,M,M,M,,,,,,,,,,,,,,,,,M,M,,,M,
2023-02-06 05:43:15,M,,M,,,M,,,,,M,,M,M,M,,,,,,,,,,,,,,,,,M,M,,,M,
2023-02-06 05:44:15,M,,M,,,M,,,,,M,,M,M,M,,,,,,,,,,,,,,,,,M,M,,,M,
2023-02-06 05:45:15,M,,M,,,M,,,,,M,,M,M,M,,,,,,,,,,,,,,,,,M,M,,,M,
2023-02-06 05:46:15,M,,M,,,M,,,,,M,,M,M,M,,,,,,,,,,,,,,,,,M,M,,,M,
2023-02-06 05:47:15,M,,M,,,M,,,,,M,,M,M,M,,,,,,,,,,,,,,,,,M,M,,,M,
2023-02-06 05:48:15,M,,M,,,M,,,,,M,,M,M,M,,,,,,,,,,,,,,,,,M,M,,,M,
2023-02-06 05:49:15,M,,M,,,M,,,,,M,,M,M,M,,,,,,,,,,,,,,,,,M,M,,,M,
2023-02-06 05:50:15,M,,M,,,M,,,,,M,,M,M,M,,,,,,,,,,,,,,,,,M,M,,,M,
2023-02-06 05:51:15,M,,M,,,M,,,,,M,,M,M,M,,,,,,,,,,,,,,,,,M,M,,,M,
2023-02-06 05:52:15,M,,M,,,M,,,,,M,,M,M,M,,,,,,,,,,,,,,,,,M,M,,,M,
2023-02-06 05:53:15,M,,M,,,M,,,,,M,,M,M,M,,,,,,,,,,,,,,,,,M,M,,,M,
2023-02-06 05:54:15,M,,M,,,M,,,,,M,,M,M,M,,,,,,,,,,,,,,,,,M,M,,,M,
2023-02-06 05:55:15,M,,M,,,M,,,,,M,,M,M,M,,,,,,,,,,,,,,,,,M,M,,,M,
2023-02-06 05:56:15,M,,M,,,M,,,,,M,,M,M,M,,,,,,,,,,,,,,,,,M,M,,,M,
2023-02-06 05:57:15,M,,M,,,M,,,,,M,,M,M,M,,,,,,,,,,,,,,,,,M,M,,,M,
2023-02-06 05:58:15,M,,M,,,M,,,,,M,,M,M,M,,,,,,,,,,,,,,,,,M,M,,,M,
2023-02-06 05:59:15,M,,M,,,M,,,,,M,,M,M,M,,,,,,,,,,,,,,,,,M,M,,,M,
2023-02-06 06:00:15,M,,M,,,M,,,,,M,,M,M,M,,,,,,,,,,,,,,,,,M,M,,,M,
2023-02-06 06:01:15,M,,M,,,M,,,,,M,,M,M,M,,,,,,,,,,,,,,,,,M,M,,,M,
2023-02-06 06:02:15,M,,M,,,M,,,,,M,,M,M,M,,,,,,,,,,,,,,,,,M,M,,,M,
2023-02-06 06:03:15,M,,M,,,M,,,,,M,,M,M,M,,,,,,,,,,,,,,,,,M,M,,,M,
2023-02-06 06:04:15,M,,M,,,M,,,,,M,,M,M,M,,,,,,,,,,,,,,,,,M,M,,,M,
2023-02-06 06:05:15,M,,M,,,M,,,,,M,,M,M,M,,,,,,,,,,,,,,,,,M,M,,,M,
2023-02-06 06:06:15,M,,M,,,M,,,,,M,,M,M,M,,,,,,,,,,,,,,,,,M,M,,,M,
2023-02-06 06:07:15,M,,M,,,M,,,,,M,,M,M,M,,,,,,,,,,,,,,,,,M,M,,,M,
2023-02-06 06:08:15,M,,M,,,M,,,,,M,,M,M,M,,,,,,,,,,,,,,,,,M,M,,,M,
2023-02-06 06:09:15,M,,M,,,M,,,,,M,,M,M,M,,,,,,,,,,,,,,,,,M,M,,,M,
2023-02-06 06:10:15,M,,M,,,M,,,,,M,,M,M,M,,,,,,,,,,,,,,,,,M,M,,,M,
2023-02-06 06:11:15,M,,M,,,M,,,,,M,,M,M,M,,,,,,,,,,,,,,,,,M,M,,,M,
2023-02-06 06:12:15,M,,M,,,M,,,,,M,,M,M,M,,,,,,,,,,,,,,,,,M,M,,,M,
2023-02-06 06:13:15,M,,M,,,M,,,,,M,,M,M,M,,,,,,,,,,,,,,,,,M,M,,,M,
2023-02-06 06:14:15,M,,M,,,M,,,,,M,,M,M,M,,,,,,,,,,,,,,,,,M,M,,,M,
2023-02-06 06:15:15,M,,M,,,M,,,,,M,,M,M,M,,,,,,,,,,,,,,,,,M,M,,,M,
2023-02-06 06:16:15,M,,M,,,M,,,,,M,,M,M,M,,,,,,,,,,,,,,,,,M,M,,,M,
2023-02-06 06:17:15,M,,M,,,M,,,,,M,,M,M,M,,,,,,,,,,,,,,,,,M,M,,,M,
2023-02-06 06:18:15,M,,M,,,M,,,,,M,,M,M,M,,,,,,,,,,,,,,,,,M,M,,,M,
2023-02-06 06:19:15,M,,M,,,M,,,,,M,,M,M,M,,,,,,,,,,,,,,,,,M,M,,,M,
2023-02-06 06:20:15,M,,M,,,M,,,,,M,,M,M,M,,,,,,,,,,,,,,,,,M,M,,,M,
2023-02-06 06:21:15,M,,M,,,M,,,,,M,,M,M,M,,,,,,,,,,,,,,,,,M,M,,,M,
2023-02-06 06:22:15,M,,M,,,M,,,,,M,,M,M,M,,,,,,,,,,,,,,,,,M,M,,,M,
2023-02-06 06:23:15,M,,M,,,M,,,,,M,,M,M,M,,,,,,,,,,,,,,,,,M,M,,,M,
2023-02-06 06:24:15,M,,M,,,M,,,,,M,,M,M,M,,,,,,,,,,,,,,,,,M,M,,,M,
2023-02-06 06:25:15,M,,M,,,M,,,,,M,,M,M,M,,,,,,,,,,,,,,,,,M,M,,,M,
2023-02-06 06:26:15,M,,M,,,M,,,,,M,,M,M,M,,,,,,,,,,,,,,,,,M,M,,,M,
2023-02-06 06:27:15,M,,M,,,M,,,,,M,,M,M,M,,,,,,,,,,,,,,,,,M,M,,,M,
2023-02-06 06:28:15,M,,M,,,M,,,,,M,,M,M,M,,,,,,,,,,,,,,,,,M,M,,,M,
2023-02-06 06:29:15,M,,M,,,M,,,,,M,,M,M,M,,,,,,,,,,,,,,,,,M,M,,,M,
2023-02-06 06:30:15,M,,M,,,M,,,,,M,,M,M,M,,,,,,,,,,,,,,,,,M,M,,,M,
2023-02-06 06:31:15,M,,M,,,M,,,,,M,,M,M,M,,,,,,,,,,,,,,,,,M,M,,,M,
2023-02-06 06:32:15,M,,M,,,M,,,,,M,,M,M,M,,,,,,,,,,,,,,,,,M,M,,,M,
2023-02-06 06:33:15,M,,M,,,M,,,,,M,,M,M,M,,,,,,,,,,,,,,,,,M,M,,,M,
2023-02-06 06:34:15,M,,M,,,M,,,,,M,,M,M,M,,,,,,,,,,,,,,,,,M,M,,,M,
2023-02-06 06:35:15,M,,M,,,M,,,,,M,,M,M,M,,,,,,,,,,,,,,,,,M,M,,,M,
2023-02-06 06:36:15,M,,M,,,M,,,,,M,,M,M,M,,,,,,,,,,,,,,,,,M,M,,,M,
2023-02-06 06:37:15,M,,M,,,M,,,,,M,,M,M,M,,,,,,,,,,,,,,,,,M,M,,,M,
2023-02-06 06:38:15,M,,M,,,M,,,,,M,,M,M,M,,,,,,,,,,,,,,,,,M,M,,,M,
2023-02-06 06:39:15,M,,M,,,M,,,,,M,,M,M,M,,,,,,,,,,,,,,,,,M,M,,,M,
2023-02-06 06:40:15,M,,M,,,M,,,,,M,,M,M,M,,,,,,,,,,,,,,,,,M,M,,,M,
2023-02-06 06:41:15,M,,M,,,M,,,,,M,,M,M,M,,,,,,,,,,,,,,,,,M,M,,,M,
2023-02-06 06:42:15,M,,M,,,M,,,,,M,,M,M,M,,,,,,,,,,,,,,,,,M,M,,,M,
2023-02-06 06:43:15,M,,M,,,M,,,,,M,,M,M,M,,,,,,,,,,,,,,,,,M,M,,,M,
2023-02-06 06:44:15,M,,M,,,M,,,,,M,,M,M,M,,,,,,,,,,,,,,,,,M,M,,,M,
2023-02-06 06:45:15,M,,M,,,M,,,,,M,,M,M,M,,,,,,,,,,,,,,,,,M,M,,,M,
2023-02-06 06:46:15,M,,M,,,M,,,,,M,,M,M,M,,,,,,,,,,,,,,,,,M,M,,,M,
2023-02-06 06:47:15,M,,M,,,M,,,,,M,,M,M,M,,,,,,,,,,,,,,,,,M,M,,,M,
2023-02-06 06:48:15,M,,M,,,M,,,,,M,,M,M,M,,,,,,,,,,,,,,,,,M,M,,,M,
2023-02-06 06:49:15,M,,M,,,M,,,,,M,,M,M,M,,,,,,,,,,,,,,,,,M,M,,,M,
2023-02-06 06:50:15,M,,M,,,M,,,,,M,,M,M,M,,,,,,,,,,,,,,,,,M,M,,,M,
2023-02-06 06:51:15,M,,M,,,M,,,,,M,,M,M,M,,,,,,,,,,,,,,,,,M,M,,,M,
2023-02-06 06:52:15,M,,M,,,M,,,,,M,,M,M,M,,,,,,,,,,,,,,,,,M,M,,,M,
2023-02-06 06:53:15,M,,M,,,M,,,,,M,,M,M,M,,,,,,,,,,,,,,,,,M,M,,,M,
2023-02-06 06:54:15,M,,M,,,M,,,,,M,,M,M,M,,,,,,,,,,,,,,,,,M,M,,,M,
2023-02-06 06:55:15,M,,M,,,M,,,,,M,,M,M,M,,,,,,,,,,,,,,,,,M,M,,,M,
2023-02-06 06:56:15,M,,M,,,M,,,,,M,,M,M,M,,,,,,,,,,,,,,,,,M,M,,,M,
2023-02-06 06:57:15,M,,M,,,M,,,,,M,,M,M,M,,,,,,,,,,,,,,,,,M,M,,,M,
2023-02-06 06:58:15,M,,M,,,M,,,,,M,,M,M,M,,,,,,,,,,,,,,,,,M,M,,,M,
2023-02-06 06:59:15,M,,M,,,M,,,,,M,,M,M,M,,,,,,,,,,,,,,,,,M,M,,,M,
2023-02-06 07:00:15,M,,M,,,M,,,,,M,,M,M,M,,,,,,,,,,,,,,,,,M,M,,,M,
2023-02-06 07:01:15,M,,M,,,M,,,,,M,,M,M,M,,,,,,,,,,,,,,,,,M,M,,,M,
2023-02-06 07:02:15,M,,M,,,M,,,,,M,,M,M,M,,,,,,,,,,,,,,,,,M,M,,,M,
2023-02-06 07:03:15,M,,M,,,M,,,,,M,,M,M,M,,,,,,,,,,,,,,,,,M,M,,,M,
2023-02-06 07:04:15,M,,M,,,M,,,,,M,,M,M,M,,,,,,,,,,,,,,,,,M,M,,,M,
2023-02-06 07:05:15,M,,M,,,M,,,,,M,,M,M,M,,,,,,,,,,,,,,,,,M,M,,,M,
2023-02-06 07:06:15,M,,M,,,M,,,,,M,,M,M,M,,,,,,,,,,,,,,,,,M,M,,,M,
2023-02-06 07:07:15,M,,M,,,M,,,,,M,,M,M,M,,,,,,,,,,,,,,,,,M,M,,,M,
2023-02-06 07:08:15,M,,M,,,M,,,,,M,,M,M,M,,,,,,,,,,,,,,,,,M,M,,,M,
2023-02-06 07:09:15,M,,M,,,M,,,,,M,,M,M,M,,,,,,,,,,,,,,,,,M,M,,,M,
2023-02-06 07:10:15,M,,M,,,M,,,,,M,,M,M,M,,,,,,,,,,,,,,,,,M,M,,,M,
2023-02-06 07:11:15,M,,M,,,M,,,,,M,,M,M,M,,,,,,,,,,,,,,,,,M,M,,,M,
2023-02-06 07:12:15,M,,M,,,M,,,,,M,,M,M,M,,,,,,,,,,,,,,,,,M,M,,,M,
2023-02-06 07:13:15,M,,M,,,M,,,,,M,,M,M,M,,,,,,,,,,,,,,,,,M,M,,,M,
2023-02-06 07:14:15,M,,M,,,M,,,,,M,,M,M,M,,,,,,,,,,,,,,,,,M,M,,,M,
2023-02-06 07:15:15,M,,M,,,M,,,,,M,,M,M,M,,,,,,,,,,,,,,,,,M,M,,,M,
2023-02-06 07:16:15,M,,M,,,M,,,,,M,,M,M,M,,,,,,,,,,,,,,,,,M,M,,,M,
2023-02-06 07:17:15,M,,M,,,M,,,,,M,,M,M,M,,,,,,,,,,,,,,,,,M,M,,,M,
2023-02-06 07:18:15,M,,M,,,M,,,,,M,,M,M,M,,,,,,,,,,,,,,,,,M,M,,,M,
2023-02-06 07:19:15,M,,M,,,M,,,,,M,,M,M,M,,,,,,,,,,,,,,,,,M,M,,,M,
2023-02-06 07:20:15,M,,M,,,M,,,,,M,,M,M,M,,,,,,,,,,,,,,,,,M,M,,,M,
2023-02-06 07:21:15,M,,M,,,M,,,,,M,,M,M,M,,,,,,,,,,,,,,,,,M,M,,,M,
2023-02-06 07:22:15,M,,M,,,M,,,,,M,,M,M,M,,,,,,,,,,,,,,,,,M,M,,,M,
2023-02-06 07:23:15,M,,M,,,M,,,,,M,,M,M,M,,,,,,,,,,,,,,,,,M,M,,,M,
2023-02-06 07:24:15,M,,M,,,M,,,,,M,,M,M,M,,,,,,,,,,,,,,,,,M,M,,,M,
2023-02-06 07:25:15,M,,M,,,M,,,,,M,,M,M,M,,,,,,,,,,,,,,,,,M,M,,,M,
2023-02-06 07:26:15,M,,M,,,M,,,,,M,,M,M,M,,,,,,,,,,,,,,,,,M,M,,,M,
2023-02-06 07:27:15,M,,M,,,M,,,,,M,,M,M,M,,,,,,,,,,,,,,,,,M,M,,,M,
2023-02-06 07:28:15,M,,M,,,M,,,,,M,,M,M,M,,,,,,,,,,,,,,,,,M,M,,,M,
2023-02-06 07:29:15,M,,M,,,M,,,,,M,,M,M,M,,,,,,,,,,,,,,,,,M,M,,,M,
2023-02-06 07:30:15,M,,M,,,M,,,,,M,,M,M,M,,,,,,,,,,,,,,,,,M,M,,,M,
2023-02-06 07:31:15,M,,M,,,M,,,,,M,,M,M,M,,,,,,,,,,,,,,,,,M,M,,,M,
2023-02-06 07:32:15,M,,M,,,M,,,,,M,,M,M,M,,,,,,,,,,,,,,,,,M,M,,,M,
2023-02-06 07:33:15,M,,M,,,M,,,,,M,,M,M,M,,,,,,,,,,,,,,,,,M,M,,,M,
2023-02-06 07:34:15,M,,M,,,M,,,,,M,,M,M,M,,,,,,,,,,,,,,,,,M,M,,,M,
2023-02-06 07:35:15,M,,M,,,M,,,,,M,,M,M,M,,,,,,,,,,,,,,,,,M,M,,,M,
2023-02-06 07:36:15,M,,M,,,M,,,,,M,,M,M,M,,,,,,,,,,,,,,,,,M,M,,,M,
2023-02-06 07:37:15,M,,M,,,M,,,,,M,,M,M,M,,,,,,,,,,,,,,,,,M,M,,,M,
2023-02-06 07:38:15,M,,M,,,M,,,,,M,,M,M,M,,,,,,,,,,,,,,,,,M,M,,,M,
2023-02-06 07:39:15,M,,M,,,M,,,,,M,,M,M,M,,,,,,,,,,,,,,,,,M,M,,,M,
2023-02-06 07:40:15,M,,M,,,M,,,,,M,,M,M,M,,,,,,,,,,,,,,,,,M,M,,,M,
2023-02-06 07:41:15,M,,M,,,M,,,,,M,,M,M,M,,,,,,,,,,,,,,,,,M,M,,,M,
2023-02-06 07:42:15,M,,M,,,M,,,,,M,,M,M,M,,,,,,,,,,,,,,,,,M,M,,,M,
2023-02-06 07:43:15,M,,M,,,M,,,,,M,,M,M,M,,,,,,,,,,,,,,,,,M,M,,,M,
2023-02-06 07:44:15,M,,M,,,M,,,,,M,,M,M,M,,,,,,,,,,,,,,,,,M,M,,,M,
2023-02-06 07:45:15,M,,M,,,M,,,,,M,,M,M,M,,,,,,,,,,,,,,,,,M,M,,,M,
2023-02-06 07:46:15,M,,M,,,M,,,,,M,,M,M,M,,,,,,,,,,,,,,,,,M,M,,,M,
2023-02-06 07:47:15,M,,M,,,M,,,,,M,,M,M,M,,,,,,,,,,,,,,,,,M,M,,,M,
2023-02-06 07:48:15,M,,M,,,M,,,,,M,,M,M,M,,,,,,,,,,,,,,,,,M,M,,,M,
2023-02-06 07:49:15,M,,M,,,M,,,,,M,,M,M,M,,,,,,,,,,,,,,,,,M,M,,,M,
2023-02-06 07:50:15,M,,M,,,M,,,,,M,,M,M,M,,,,,,,,,,,,,,,,,M,M,,,M,
2023-02-06 07:51:15,M,,M,,,M,,,,,M,,M,M,M,,,,,,,,,,,,,,,,,M,M,,,M,
2023-02-06 07:52:15,M,,M,,,M,,,,,M,,M,M,M,,,,,,,,,,,,,,,,,M,M,,,M,
2023-02-06 07:53:15,M,,M,,,M,,,,,M,,M,M,M,,,,,,,,,,,,,,,,,M,M,,,M,
2023-02-06 07:54:15,M,,M,,,M,,,,,M,,M,M,M,,,,,,,,,,,,,,,,,M,M,,,M,
2023-02-06 07:55:15,M,,M,,,M,,,,,M,,M,M,M,,,,,,,,,,,,,,,,,M,M,,,M,
2023-02-06 07:56:15,M,,M,,,M,,,,,M,,M,M,M,,,,,,,,,,,,,,,,,M,M,,,M,
2023-02-06 07:57:15,M,,M,,,M,,,,,M,,M,M,M,,,,,,,,,,,,,,,,,M,M,,,M,
2023-02-06 07:58:15,M,,M,,,M,,,,,M,,M,M,M,,,,,,,,,,,,,,,,,M,M,,,M,
2023-02-06 07:59:15,M,,M,,,M,,,,,M,,M,M,M,,,,,,,,,,,,,,,,,M,M,,,M,
2023-02-06 08:00:15,M,,M,,,M,,,,,M,,M,M,M,,,,,,,,,,,,,,,,,M,M,,,M,
2023-02-06 08:01:15,M,,M,,,M,,,,,M,,M,M,M,,,,,,,,,,,,,,,,,M,M,,,M,
2023-02-06 08:02:15,M,,M,,,M,,,,,M,,M,M,M,,,,,,,,,,,,,,,,,M,M,,,M,
2023-02-06 08:03:15,M,,M,,,M,,,,,M,,M,M,M,,,,,,,,,,,,,,,,,M,M,,,M,
2023-02-06 08:04:15,M,,M,,,M,,,,,M,,M,M,M,,,,,,,,,,,,,,,,,M,M,,,M,
2023-02-06 08:05:15,M,,M,,,M,,,,,M,,M,M,M,,,,,,,,,,,,,,,,,M,M,,,M,
2023-02-06 08:06:15,M,,M,,,M,,,,,M,,M,M,M,,,,,,,,,,,,,,,,,M,M,,,M,
2023-02-06 08:07:15,M,,M,,,M,,,,,M,,M,M,M,,,,,,,,,,,,,,,,,M,M,,,M,
2023-02-06 08:08:15,M,,M,,,M,,,,,M,,M,M,M,,,,,,,,,,,,,,,,,M,M,,,M,
2023-02-06 08:09:15,M,,M,,,M,,,,,M,,M,M,M,,,,,,,,,,,,,,,,,M,M,,,M,
2023-02-06 08:10:15,M,,M,,,M,,,,,M,,M,M,M,,,,,,,,,,,,,,,,,M,M,,,M,
2023-02-06 08:11:15,M,,M,,,M,,,,,M,,M,M,M,,,,,,,,,,,,,,,,,M,M,,,M,
2023-02-06 08:12:15,M,,M,,,M,,,,,M,,M,M,M,,,,,,,,,,,,,,,,,M,M,,,M,
2023-02-06 08:13:15,M,,M,,,M,,,,,M,,M,M,M,,,,,,,,,,,,,,,,,M,M,,,M,
2023-02-06 08:14:15,M,,M,,,M,,,,,M,,M,M,M,,,,,,,,,,,,,,,,,M,M,,,M,
2023-02-06 08:15:15,M,,M,,,M,,,,,M,,M,M,M,,,,,,,,,,,,,,,,,M,M,,,M,
2023-02-06 08:16:15,M,,M,,,M,,,,,M,,M,M,M,,,,,,,,,,,,,,,,,M,M,,,M,
2023-02-06 08:17:15,M,,M,,,M,,,,,M,,M,M,M,,,,,,,,,,,,,,,,,M,M,,,M,
2023-02-06 08:18:15,M,,M,,,M,,,,,M,,M,M,M,,,,,,,,,,,,,,,,,M,M,,,M,
2023-02-06 08:19:15,M,,M,,,M,,,,,M,,M,M,M,,,,,,,,,,,,,,,,,M,M,,,M,
2023-02-06 08:20:15,M,,M,,,M,,,,,M,,M,M,M,,,,,,,,,,,,,,,,,M,M,,,M,
2023-02-06 08:21:15,M,,M,,,M,,,,,M,,M,M,M,,,,,,,,,,,,,,,,,M,M,,,M,
2023-02-06 08:22:15,M,,M,,,M,,,,,M,,M,M,M,,,,,,,,,,,,,,,,,M,M,,,M,
2023-02-06 08:23:15,M,,M,,,M,,,,,M,,M,M,M,,,,,,,,,,,,,,,,,M,M,,,M,
2023-02-06 08:24:15,M,,M,,,M,,,,,M,,M,M,M,,,,,,,,,,,,,,,,,M,M,,,M,
2023-02-06 08:25:15,M,,M,,,M,,,,,M,,M,M,M,,,,,,,,,,,,,,,,,M,M,,,M,
2023-02-06 08:26:15,M,,M,,,M,,,,,M,,M,M,M,,,,,,,,,,,,,,,,,M,M,,,M,
2023-02-06 08:27:15,M,,M,,,M,,,,,M,,M,M,M,,,,,,,,,,,,,,,,,M,M,,,M,
2023-02-06 08:28:15,M,,M,,,M,,,,,M,,M,M,M,,,,,,,,,,,,,,,,,M,M,,,M,
2023-02-06 08:29:15,M,,M,,,M,,,,,M,,M,M,M,,,,,,,,,,,,,,,,,M,M,,,M,
2023-02-06 08:30:15,M,,M,,,M,,,,,M,,M,M,M,,,,,,,,,,,,,,,,,M,M,,,M,
2023-02-06 08:31:15,M,,M,,,M,,,,,M,,M,M,M,,,,,,,,,,,,,,,,,M,M,,,M,
2023-02-06 08:32:15,M,,M,,,M,,,,,M,,M,M,M,,,,,,,,,,,,,,,,,M,M,,,M,
2023-02-06 08:33:15,M,,M,,,M,,,,,M,,M,M,M,,,,,,,,,,,,,,,,,M,M,,,M,
2023-02-06 08:34:15,M,,M,,,M,,,,,M,,M,M,M,,,,,,,,,,,,,,,,,M,M,,,M,
2023-02-06 08:35:15,M,,M,,,M,,,,,M,,M,M,M,,,,,,,,,,,,,,,,,M,M,,,M,
2023-02-06 08:36:15,M,,M,,,M,,,,,M,,M,M,M,,,,,,,,,,,,,,,,,M,M,,,M,
2023-02-06 08:37:15,M,,M,,,M,,,,,M,,M,M,M,,,,,,,,,,,,,,,,,M,M,,,M,
2023-02-06 08:38:15,M,,M,,,M,,,,,M,,M,M,M,,,,,,,,,,,,,,,,,M,M,,,M,
2023-02-06 08:39:15,M,,M,,,M,,,,,M,,M,M,M,,,,,,,,,,,,,,,,,M,M,,,M,
2023-02-06 08:40:15,M,,M,,,M,,,,,M,,M,M,M,,,,,,,,,,,,,,,,,M,M,,,M,
2023-02-06 08:41:15,M,,M,,,M,,,,,M,,M,M,M,,,,,,,,,,,,,,,,,M,M,,,M,
2023-02-06 08:42:15,M,,M,,,M,,,,,M,,M,M,M,,,,,,,,,,,,,,,,,M,M,,,M,
2023-02-06 08:43:15,M,,M,,,M,,,,,M,,M,M,M,,,,,,,,,,,,,,,,,M,M,,,M,
2023-02-06 08:44:15,M,,M,,,M,,,,,M,,M,M,M,,,,,,,,,,,,,,,,,M,M,,,M,
2023-02-06 08:45:15,M,,M,,,M,,,,,M,,M,M,M,,,,,,,,,,,,,,,,,M,M,,,M,
2023-02-06 08:46:15,M,,M,,,M,,,,,M,,M,M,M,,,,,,,,,,,,,,,,,M,M,,,M,
2023-02-06 08:47:15,M,,M,,,M,,,,,M,,M,M,M,,,,,,,,,,,,,,,,,M,M,,,M,
2023-02-06 08:48:15,M,,M,,,M,,,,,M,,M,M,M,,,,,,,,,,,,,,,,,M,M,,,M,
2023-02-06 08:49:15,M,,M,,,M,,,,,M,,M,M,M,,,,,,,,,,,,,,,,,M,M,,,M,
2023-02-06 08:50:15,M,,M,,,M,,,,,M,,M,M,M,,,,,,,,,,,,,,,,,M,M,,,M,
2023-02-06 08:51:15,M,,M,,,M,,,,,M,,M,M,M,,,,,,,,,,,,,,,,,M,M,,,M,
2023-02-06 08:52:15,M,,M,,,M,,,,,M,,M,M,M,,,,,,,,,,,,,,,,,M,M,,,M,
2023-02-06 08:53:15,M,,M,,,M,,,,,M,,M,M,M,,,,,,,,,,,,,,,,,M,M,,,M,
2023-02-06 08:54:15,M,,M,,,M,,,,,M,,M,M,M,,,,,,,,,,,,,,,,,M,M,,,M,
2023-02-06 08:55:15,M,,M,,,M,,,,,M,,M,M,M,,,,,,,,,,,,,,,,,M,M,,,M,
2023-02-06 08:56:15,M,,M,,,M,,,,,M,,M,M,M,,,,,,,,,,,,,,,,,M,M,,,M,
2023-02-06 08:57:15,M,,M,,,M,,,,,M,,M,M,M,,,,,,,,,,,,,,,,,M,M,,,M,
2023-02-06 08:58:15,M,,M,,,M,,,,,M,,M,M,M,,,,,,,,,,,,,,,,,M,M,,,M,
2023-02-06 08:59:15,M,,M,,,M,,,,,M,,M,M,M,,,,,,,,,,,,,,,,,M,M,,,M,
2023-02-06 09:00:15,M,,M,,,M,,,,,M,,M,M,M,,,,,,,,,,,,,,,,,M,M,,,M,
2023-02-06 09:01:15,M,,M,,,M,,,,,M,,M,M,M,,,,,,,,,,,,,,,,,M,M,,,M,
2023-02-06 09:02:15,M,,M,,,M,,,,,M,,M,M,M,,,,,,,,,,,,,,,,,M,M,,,M,
2023-02-06 09:03:15,M,,M,,,M,,,,,M,,M,M,M,,,,,,,,,,,,,,,,,M,M,,,M,
2023-02-06 09:04:15,M,,M,,,M,,,,,M,,M,M,M,,,,,,,,,,,,,,,,,M,M,,,M,
2023-02-06 09:05:15,M,,M,,,M,,,,,M,,M,M,M,,,,,,,,,,,,,,,,,M,M,,,M,
2023-02-06 09:06:15,M,,M,,,M,,,,,M,,M,M,M,,,,,,,,,,,,,,,,,M,M,,,M,
2023-02-06 09:07:15,M,,M,,,M,,,,,M,,M,M,M,,,,,,,,,,,,,,,,,M,M,,,M,
2023-02-06 09:08:15,M,,M,,,M,,,,,M,,M,M,M,,,,,,,,,,,,,,,,,M,M,,,M,
2023-02-06 09:09:15,M,,M,,,M,,,,,M,,M,M,M,,,,,,,,,,,,,,,,,M,M,,,M,
2023-02-06 09:10:15,M,,M,,,M,,,,,M,,M,M,M,,,,,,,,,,,,,,,,,M,M,,,M,
2023-02-06 09:11:15,M,,M,,,M,,,,,M,,M,M,M,,,,,,,,,,,,,,,,,M,M,,,M,
2023-02-06 09:12:15,M,,M,,,M,,,,,M,,M,M,M,,,,,,,,,,,,,,,,,M,M,,,M,
2023-02-06 09:13:15,M,,M,,,M,,,,,M,,M,M,M,,,,,,,,,,,,,,,,,M,M,,,M,
2023-02-06 09:14:15,M,,M,,,M,,,,,M,,M,M,M,,,,,,,,,,,,,,,,,M,M,,,M,
2023-02-06 09:15:15,M,,M,,,M,,,,,M,,M,M,M,,,,,,,,,,,,,,,,,M,M,,,M,
2023-02-06 09:16:15,M,,M,,,M,,,,,M,,M,M,M,,,,,,,,,,,,,,,,,M,M,,,M,
2023-02-06 09:17:15,M,,M,,,M,,,,,M,,M,M,M,,,,,,,,,,,,,,,,,M,M,,,M,
2023-02-06 09:18:15,M,,M,,,M,,,,,M,,M,M,M,,,,,,,,,,,,,,,,,M,M,,,M,
2023-02-06 09:19:15,M,,M,,,M,,,,,M,,M,M,M,,,,,,,,,,,,,,,,,M,M,,,M,
2023-02-06 09:20:15,M,,M,,,M,,,,,M,,M,M,M,,,,,,,,,,,,,,,,,M,M,,,M,
2023-02-06 09:21:15,M,,M,,,M,,,,,M,,M,M,M,,,,,,,,,,,,,,,,,M,M,,,M,
2023-02-06 09:22:15,M,,M,,,M,,,,,M,,M,M,M,,,,,,,,,,,,,,,,,M,M,,,M,
2023-02-06 09:23:15,M,,M,,,M,,,,,M,,M,M,M,,,,,,,,,,,,,,,,,M,M,,,M,
2023-02-06 09:24:15,M,,M,,,M,,,,,M,,M,M,M,,,,,,,,,,,,,,,,,M,M,,,M,
2023-02-06 09:25:15,M,,M,,,M,,,,,M,,M,M,M,,,,,,,,,,,,,,,,,M,M,,,M,
2023-02-06 09:26:15,M,,M,,,M,,,,,M,,M,M,M,,,,,,,,,,,,,,,,,M,M,,,M,
2023-02-06 09:27:15,M,,M,,,M,,,,,M,,M,M,M,,,,,,,,,,,,,,,,,M,M,,,M,
2023-02-06 09:28:15,M,,M,,,M,,,,,M,,M,M,M,,,,,,,,,,,,,,,,,M,M,,,M,
2023-02-06 09:29:15,M,,M,,,M,,,,,M,,M,M,M,,,,,,,,,,,,,,,,,M,M,,,M,
2023-02-06 09:30:15,M,,M,,,M,,,,,M,,M,M,M,,,,,,,,,,,,,,,,,M,M,,,M,
2023-02-06 09:31:15,M,,M,,,M,,,,,M,,M,M,M,,,,,,,,,,,,,,,,,M,M,,,M,
2023-02-06 09:32:15,M,,M,,,M,,,,,M,,M,M,M,,,,,,,,,,,,,,,,,M,M,,,M,
2023-02-06 09:33:15,M,,M,,,M,,,,,M,,M,M,M,,,,,,,,,,,,,,,,,M,M,,,M,
2023-02-06 09:34:15,M,,M,,,M,,,,,M,,M,M,M,,,,,,,,,,,,,,,,,M,M,,,M,
2023-02-06 09:35:15,M,,M,,,M,,,,,M,,M,M,M,,,,,,,,,,,,,,,,,M,M,,,M,
2023-02-06 09:36:15,M,,M,,,M,,,,,M,,M,M,M,,,,,,,,,,,,,,,,,M,M,,,M,
2023-02-06 09:37:15,M,,M,,,M,,,,,M,,M,M,M,,,,,,,,,,,,,,,,,M,M,,,M,
2023-02-06 09:38:15,M,,M,,,M,,,,,M,,M,M,M,,,,,,,,,,,,,,,,,M,M,,,M,
2023-02-06 09:39:15,M,,M,,,M,,,,,M,,M,M,M,,,,,,,,,,,,,,,,,M,M,,,M,
2023-02-06 09:40:15,M,,M,,,M,,,,,M,,M,M,M,,,,,,,,,,,,,,,,,M,M,,,M,
2023-02-06 09:41:15,M,,M,,,M,,,,,M,,M,M,M,,,,,,,,,,,,,,,,,M,M,,,M,
2023-02-06 09:42:15,M,,M,,,M,,,,,M,,M,M,M,,,,,,,,,,,,,,,,,M,M,,,M,
2023-02-06 09:43:15,M,,M,,,M,,,,,M,,M,M,M,,,,,,,,,,,,,,,,,M,M,,,M,
2023-02-06 09:44:15,M,,M,,,M,,,,,M,,M,M,M,,,,,,,,,,,,,,,,,M,M,,,M,
2023-02-06 09:45:15,M,,M,,,M,,,,,M,,M,M,M,,,,,,,,,,,,,,,,,M,M,,,M,
2023-02-06 09:46:15,M,,M,,,M,,,,,M,,M,M,M,,,,,,,,,,,,,,,,,M,M,,,M,
2023-02-06 09:47:15,M,,M,,,M,,,,,M,,M,M,M,,,,,,,,,,,,,,,,,M,M,,,M,
2023-02-06 09:48:15,M,,M,,,M,,,,,M,,M,M,M,,,,,,,,,,,,,,,,,M,M,,,M,
2023-02-06 09:49:15,M,,M,,,M,,,,,M,,M,M,M,,,,,,,,,,,,,,,,,M,M,,,M,
2023-02-06 09:50:15,M,,M,,,M,,,,,M,,M,M,M,,,,,,,,,,,,,,,,,M,M,,,M,
2023-02-06 09:51:15,M,,M,,,M,,,,,M,,M,M,M,,,,,,,,,,,,,,,,,M,M,,,M,
2023-02-06 09:52:15,M,,M,,,M,,,,,M,,M,M,M,,,,,,,,,,,,,,,,,M,M,,,M,
2023-02-06 09:53:15,M,,M,,,M,,,,,M,,M,M,M,,,,,,,,,,,,,,,,,M,M,,,M,
2023-02-06 09:54:15,M,,M,,,M,,,,,M,,M,M,M,,,,,,,,,,,,,,,,,M,M,,,M,
2023-02-06 09:55:15,M,,M,,,M,,,,,M,,M,M,M,,,,,,,,,,,,,,,,,M,M,,,M,
2023-02-06 09:56:15,M,,M,,,M,,,,,M,,M,M,M,,,,,,,,,,,,,,,,,M,M,,,M,
2023-02-06 09:57:15,M,,M,,,M,,,,,M,,M,M,M,,,,,,,,,,,,,,,,,M,M,,,M,
2023-02-06 09:58:15,M,,M,,,M,,,,,M,,M,M,M,,,,,,,,,,,,,,,,,M,M,,,M,
2023-02-06 09:59:15,M,,M,,,M,,,,,M,,M,M,M,,,,,,,,,,,,,,,,,M,M,,,M,
2023-02-06 10:00:15,M,,M,,,M,,,,,M,,M,M,M,,,,,,,,,,,,,,,,,M,M,,,M,
2023-02-06 10:01:15,M,,M,,,M,,,,,M,,M,M,M,,,,,,,,,,,,,,,,,M,M,,,M,
2023-02-06 10:02:15,M,,M,,,M,,,,,M,,M,M,M,,,,,,,,,,,,,,,,,M,M,,,M,
2023-02-06 10:03:15,M,,M,,,M,,,,,M,,M,M,M,,,,,,,,,,,,,,,,,M,M,,,M,
2023-02-06 10:04:15,M,,M,,,M,,,,,M,,M,M,M,,,,,,,,,,,,,,,,,M,M,,,M,
2023-02-06 10:05:15,M,,M,,,M,,,,,M,,M,M,M,,,,,,,,,,,,,,,,,M,M,,,M,
2023-02-06 10:06:15,M,,M,,,M,,,,,M,,M,M,M,,,,,,,,,,,,,,,,,M,M,,,M,
2023-02-06 10:07:15,M,,M,,,M,,,,,M,,M,M,M,,,,,,,,,,,,,,,,,M,M,,,M,
2023-02-06 10:08:15,M,,M,,,M,,,,,M,,M,M,M,,,,,,,,,,,,,,,,,M,M,,,M,
2023-02-06 10:09:15,M,,M,,,M,,,,,M,,M,M,M,,,,,,,,,,,,,,,,,M,M,,,M,
2023-02-06 10:10:15,M,,M,,,M,,,,,M,,M,M,M,,,,,,,,,,,,,,,,,M,M,,,M,
2023-02-06 10:11:15,M,,M,,,M,,,,,M,,M,M,M,,,,,,,,,,,,,,,,,M,M,,,M,
2023-02-06 10:12:15,M,,M,,,M,,,,,M,,M,M,M,,,,,,,,,,,,,,,,,M,M,,,M,
2023-02-06 10:13:15,M,,M,,,M,,,,,M,,M,M,M,,,,,,,,,,,,,,,,,M,M,,,M,
2023-02-06 10:14:15,M,,M,,,M,,,,,M,,M,M,M,,,,,,,,,,,,,,,,,M,M,,,M,
2023-02-06 10:15:15,M,,M,,,M,,,,,M,,M,M,M,,,,,,,,,,,,,,,,,M,M,,,M,
2023-02-06 10:16:15,M,,M,,,M,,,,,M,,M,M,M,,,,,,,,,,,,,,,,,M,M,,,M,
2023-02-06 10:17:15,M,,M,,,M,,,,,M,,M,M,M,,,,,,,,,,,,,,,,,M,M,,,M,
2023-02-06 10:18:15,M,,M,,,M,,,,,M,,M,M,M,,,,,,,,,,,,,,,,,M,M,,,M,
2023-02-06 10:19:15,M,,M,,,M,,,,,M,,M,M,M,,,,,,,,,,,,,,,,,M,M,,,M,
2023-02-06 10:20:15,M,,M,,,M,,,,,M,,M,M,M,,,,,,,,,,,,,,,,,M,M,,,M,
2023-02-06 10:21:15,M,,M,,,M,,,,,M,,M,M,M,,,,,,,,,,,,,,,,,M,M,,,M,
2023-02-06 10:22:15,M,,M,,,M,,,,,M,,M,M,M,,,,,,,,,,,,,,,,,M,M,,,M,
2023-02-06 10:23:15,M,,M,,,M,,,,,M,,M,M,M,,,,,,,,,,,,,,,,,M,M,,,M,
2023-02-06 10:24:15,M,,M,,,M,,,,,M,,M,M,M,,,,,,,,,,,,,,,,,M,M,,,M,
2023-02-06 10:25:15,M,,M,,,M,,,,,M,,M,M,M,,,,,,,,,,,,,,,,,M,M,,,M,
2023-02-06 10:26:15,M,,M,,,M,,,,,M,,M,M,M,,,,,,,,,,,,,,,,,M,M,,,M,
2023-02-06 10:27:15,M,,M,,,M,,,,,M,,M,M,M,,,,,,,,,,,,,,,,,M,M,,,M,
2023-02-06 10:28:15,M,,M,,,M,,,,,M,,M,M,M,,,,,,,,,,,,,,,,,M,M,,,M,
2023-02-06 10:29:15,M,,M,,,M,,,,,M,,M,M,M,,,,,,,,,,,,,,,,,M,M,,,M,
2023-02-06 10:30:15,M,,M,,,M,,,,,M,,M,M,M,,,,,,,,,,,,,,,,,M,M,,,M,
2023-02-06 10:31:15,M,,M,,,M,,,,,M,,M,M,M,,,,,,,,,,,,,,,,,M,M,,,M,
2023-02-06 10:32:15,M,,M,,,M,,,,,M,,M,M,M,,,,,,,,,,,,,,,,,M,M,,,M,
2023-02-06 10:33:15,M,,M,,,M,,,,,M,,M,M,M,,,,,,,,,,,,,,,,,M,M,,,M,
2023-02-06 10:34:15,M,,M,,,M,,,,,M,,M,M,M,,,,,,,,,,,,,,,,,M,M,,,M,
2023-02-06 10:35:15,M,,M,,,M,,,,,M,,M,M,M,,,,,,,,,,,,,,,,,M,M,,,M,
2023-02-06 10:36:15,M,,M,,,M,,,,,M,,M,M,M,,,,,,,,,,,,,,,,,M,M,,,M,
2023-02-06 10:37:15,M,,M,,,M,,,,,M,,M,M,M,,,,,,,,,,,,,,,,,M,M,,,M,
2023-02-06 10:38:15,M,,M,,,M,,,,,M,,M,M,M,,,,,,,,,,,,,,,,,M,M,,,M,
2023-02-06 10:39:15,M,,M,,,M,,,,,M,,M,M,M,,,,,,,,,,,,,,,,,M,M,,,M,
2023-02-06 10:40:15,M,,M,,,M,,,,,M,,M,M,M,,,,,,,,,,,,,,,,,M,M,,,M,
2023-02-06 10:41:15,M,,M,,,M,,,,,M,,M,M,M,,,,,,,,,,,,,,,,,M,M,,,M,
2023-02-06 10:42:15,M,,M,,,M,,,,,M,,M,M,M,,,,,,,,,,,,,,,,,M,M,,,M,
2023-02-06 10:43:15,M,,M,,,M,,,,,M,,M,M,M,,,,,,,,,,,,,,,,,M,M,,,M,
2023-02-06 10:44:15,M,,M,,,M,,,,,M,,M,M,M,,,,,,,,,,,,,,,,,M,M,,,M,
2023-02-06 10:45:15,M,,M,,,M,,,,,M,,M,M,M,,,,,,,,,,,,,,,,,M,M,,,M,
2023-02-06 10:46:15,M,,M,,,M,,,,,M,,M,M,M,,,,,,,,,,,,,,,,,M,M,,,M,
2023-02-06 10:47:15,M,,M,,,M,,,,,M,,M,M,M,,,,,,,,,,,,,,,,,M,M,,,M,
2023-02-06 10:48:15,M,,M,,,M,,,,,M,,M,M,M,,,,,,,,,,,,,,,,,M,M,,,M,
2023-02-06 10:49:15,M,,M,,,M,,,,,M,,M,M,M,,,,,,,,,,,,,,,,,M,M,,,M,
2023-02-06 10:50:15,M,,M,,,M,,,,,M,,M,M,M,,,,,,,,,,,,,,,,,M,M,,,M,
2023-02-06 10:51:15,M,,M,,,M,,,,,M,,M,M,M,,,,,,,,,,,,,,,,,M,M,,,M,
2023-02-06 10:52:15,M,,M,,,M,,,,,M,,M,M,M,,,,,,,,,,,,,,,,,M,M,,,M,
2023-02-06 10:53:15,M,,M,,,M,,,,,M,,M,M,M,,,,,,,,,,,,,,,,,M,M,,,M,
2023-02-06 10:54:15,M,,M,,,M,,,,,M,,M,M,M,,,,,,,,,,,,,,,,,M,M,,,M,
2023-02-06 10:55:15,M,,M,,,M,,,,,M,,M,M,M,,,,,,,,,,,,,,,,,M,M,,,M,
2023-02-06 10:56:15,M,,M,,,M,,,,,M,,M,M,M,,,,,,,,,,,,,,,,,M,M,,,M,
2023-02-06 10:57:15,M,,M,,,M,,,,,M,,M,M,M,,,,,,,,,,,,,,,,,M,M,,,M,
2023-02-06 10:58:15,M,,M,,,M,,,,,M,,M,M,M,,,,,,,,,,,,,,,,,M,M,,,M,
2023-02-06 10:59:15,M,,M,,,M,,,,,M,,M,M,M,,,,,,,,,,,,,,,,,M,M,,,M,
2023-02-06 11:00:15,M,,M,,,M,,,,,M,,M,M,M,,,,,,,,,,,,,,,,,M,M,,,M,
2023-02-06 11:01:15,M,,M,,,M,,,,,M,,M,M,M,,,,,,,,,,,,,,,,,M,M,,,M,
2023-02-06 11:02:15,M,,M,,,M,,,,,M,,M,M,M,,,,,,,,,,,,,,,,,M,M,,,M,
2023-02-06 11:03:15,M,,M,,,M,,,,,M,,M,M,M,,,,,,,,,,,,,,,,,M,M,,,M,
2023-02-06 11:04:15,M,,M,,,M,,,,,M,,M,M,M,,,,,,,,,,,,,,,,,M,M,,,M,
2023-02-06 11:05:15,M,,M,,,M,,,,,M,,M,M,M,,,,,,,,,,,,,,,,,M,M,,,M,
2023-02-06 11:06:15,M,,M,,,M,,,,,M,,M,M,M,,,,,,,,,,,,,,,,,M,M,,,M,
2023-02-06 11:07:15,M,,M,,,M,,,,,M,,M,M,M,,,,,,,,,,,,,,,,,M,M,,,M,
2023-02-06 11:08:15,M,,M,,,M,,,,,M,,M,M,M,,,,,,,,,,,,,,,,,M,M,,,M,
2023-02-06 11:09:15,M,,M,,,M,,,,,M,,M,M,M,,,,,,,,,,,,,,,,,M,M,,,M,
2023-02-06 11:10:15,M,,M,,,M,,,,,M,,M,M,M,,,,,,,,,,,,,,,,,M,M,,,M,
2023-02-06 11:11:15,M,,M,,,M,,,,,M,,M,M,M,,,,,,,,,,,,,,,,,M,M,,,M,
2023-02-06 11:12:15,M,,M,,,M,,,,,M,,M,M,M,,,,,,,,,,,,,,,,,M,M,,,M,
2023-02-06 11:13:15,M,,M,,,M,,,,,M,,M,M,M,,,,,,,,,,,,,,,,,M,M,,,M,
2023-02-06 11:14:15,M,,M,,,M,,,,,M,,M,M,M,,,,,,,,,,,,,,,,,M,M,,,M,
2023-02-06 11:15:15,M,,M,,,M,,,,,M,,M,M,M,,,,,,,,,,,,,,,,,M,M,,,M,
2023-02-06 11:16:15,M,,M,,,M,,,,,M,,M,M,M,,,,,,,,,,,,,,,,,M,M,,,M,
2023-02-06 11:17:15,M,,M,,,M,,,,,M,,M,M,M,,,,,,,,,,,,,,,,,M,M,,,M,
2023-02-06 11:18:15,M,,M,,,M,,,,,M,,M,M,M,,,,,,,,,,,,,,,,,M,M,,,M,
2023-02-06 11:19:15,M,,M,,,M,,,,,M,,M,M,M,,,,,,,,,,,,,,,,,M,M,,,M,
2023-02-06 11:20:15,M,,M,,,M,,,,,M,,M,M,M,,,,,,,,,,,,,,,,,M,M,,,M,
2023-02-06 11:21:15,M,,M,,,M,,,,,M,,M,M,M,,,,,,,,,,,,,,,,,M,M,,,M,
2023-02-06 11:22:15,M,,M,,,M,,,,,M,,M,M,M,,,,,,,,,,,,,,,,,M,M,,,M,
2023-02-06 11:23:15,M,,M,,,M,,,,,M,,M,M,M,,,,,,,,,,,,,,,,,M,M,,,M,
2023-02-06 11:24:15,M,,M,,,M,,,,,M,,M,M,M,,,,,,,,,,,,,,,,,M,M,,,M,
2023-02-06 11:25:15,M,,M,,,M,,,,,M,,M,M,M,,,,,,,,,,,,,,,,,M,M,,,M,
2023-02-06 11:26:15,M,,M,,,M,,,,,M,,M,M,M,,,,,,,,,,,,,,,,,M,M,,,M,
2023-02-06 11:27:15,M,,M,,,M,,,,,M,,M,M,M,,,,,,,,,,,,,,,,,M,M,,,M,
2023-02-06 11:28:15,M,,M,,,M,,,,,M,,M,M,M,,,,,,,,,,,,,,,,,M,M,,,M,
2023-02-06 11:29:15,M,,M,,,M,,,,,M,,M,M,M,,,,,,,,,,,,,,,,,M,M,,,M,
2023-02-06 11:30:15,M,,M,,,M,,,,,M,,M,M,M,,,,,,,,,,,,,,,,,M,M,,,M,
2023-02-06 11:31:15,M,,M,,,M,,,,,M,,M,M,M,,,,,,,,,,,,,,,,,M,M,,,M,
2023-02-06 11:32:15,M,,M,,,M,,,,,M,,M,M,M,,,,,,,,,,,,,,,,,M,M,,,M,
2023-02-06 11:33:15,M,,M,,,M,,,,,M,,M,M,M,,,,,,,,,,,,,,,,,M,M,,,M,
2023-02-06 11:34:15,M,,M,,,M,,,,,M,,M,M,M,,,,,,,,,,,,,,,,,M,M,,,M,
2023-02-06 11:35:15,M,,M,,,M,,,,,M,,M,M,M,,,,,,,,,,,,,,,,,M,M,,,M,
2023-02-06 11:36:15,M,,M,,,M,,,,,M,,M,M,M,,,,,,,,,,,,,,,,,M,M,,,M,
2023-02-06 11:37:15,M,,M,,,M,,,,,M,,M,M,M,,,,,,,,,,,,,,,,,M,M,,,M,
2023-02-06 11:38:15,M,,M,,,M,,,,,M,,M,M,M,,,,,,,,,,,,,,,,,M,M,,,M,
2023-02-06 11:39:15,M,,M,,,M,,,,,M,,M,M,M,,,,,,,,,,,,,,,,,M,M,,,M,
2023-02-06 11:40:15,M,,M,,,M,,,,,M,,M,M,M,,,,,,,,,,,,,,,,,M,M,,,M,
2023-02-06 11:41:15,M,,M,,,M,,,,,M,,M,M,M,,,,,,,,,,,,,,,,,M,M,,,M,
2023-02-06 11:42:15,M,,M,,,M,,,,,M,,M,M,M,,,,,,,,,,,,,,,,,M,M,,,M,
2023-02-06 11:43:15,M,,M,,,M,,,,,M,,M,M,M,,,,,,,,,,,,,,,,,M,M,,,M,
2023-02-06 11:44:15,M,,M,,,M,,,,,M,,M,M,M,,,,,,,,,,,,,,,,,M,M,,,M,
2023-02-06 11:45:15,M,,M,,,M,,,,,M,,M,M,M,,,,,,,,,,,,,,,,,M,M,,,M,
2023-02-06 11:46:15,M,,M,,,M,,,,,M,,M,M,M,,,,,,,,,,,,,,,,,M,M,,,M,
2023-02-06 11:47:15,M,,M,,,M,,,,,M,,M,M,M,,,,,,,,,,,,,,,,,M,M,,,M,
2023-02-06 11:48:15,M,,M,,,M,,,,,M,,M,M,M,,,,,,,,,,,,,,,,,M,M,,,M,
2023-02-06 11:49:15,M,,M,,,M,,,,,M,,M,M,M,,,,,,,,,,,,,,,,,M,M,,,M,
2023-02-06 11:50:15,M,,M,,,M,,,,,M,,M,M,M,,,,,,,,,,,,,,,,,M,M,,,M,
2023-02-06 11:51:15,M,,M,,,M,,,,,M,,M,M,M,,,,,,,,,,,,,,,,,M,M,,,M,
2023-02-06 11:52:15,M,,M,,,M,,,,,M,,M,M,M,,,,,,,,,,,,,,,,,M,M,,,M,
2023-02-06 11:53:15,M,,M,,,M,,,,,M,,M,M,M,,,,,,,,,,,,,,,,,M,M,,,M,
2023-02-06 11:54:15,M,,M,,,M,,,,,M,,M,M,M,,,,,,,,,,,,,,,,,M,M,,,M,
2023-02-06 11:55:15,M,,M,,,M,,,,,M,,M,M,M,,,,,,,,,,,,,,,,,M,M,,,M,
2023-02-06 11:56:15,M,,M,,,M,,,,,M,,M,M,M,,,,,,,,,,,,,,,,,M,M,,,M,
2023-02-06 11:57:15,M,,M,,,M,,,,,M,,M,M,M,,,,,,,,,,,,,,,,,M,M,,,M,
2023-02-06 11:58:15,M,,M,,,M,,,,,M,,M,M,M,,,,,,,,,,,,,,,,,M,M,,,M,
2023-02-06 11:59:15,M,,M,,,M,,,,,M,,M,M,M,,,,,,,,,,,,,,,,,M,M,,,M,
2023-02-06 12:00:15,M,,M,,,M,,,,,M,,M,M,M,,,,,,,,,,,,,,,,,M,M,,,M,
2023-02-06 12:01:15,M,,M,,,M,,,,,M,,M,M,M,,,,,,,,,,,,,,,,,M,M,,,M,
2023-02-06 12:02:15,M,,M,,,M,,,,,M,,M,M,M,,,,,,,,,,,,,,,,,M,M,,,M,
2023-02-06 12:03:15,M,,M,,,M,,,,,M,,M,M,M,,,,,,,,,,,,,,,,,M,M,,,M,
2023-02-06 12:04:15,M,,M,,,M,,,,,M,,M,M,M,,,,,,,,,,,,,,,,,M,M,,,M,
2023-02-06 12:05:15,M,,M,,,M,,,,,M,,M,M,M,,,,,,,,,,,,,,,,,M,M,,,M,
2023-02-06 12:06:15,M,,M,,,M,,,,,M,,M,M,M,,,,,,,,,,,,,,,,,M,M,,,M,
2023-02-06 12:07:15,M,,M,,,M,,,,,M,,M,M,M,,,,,,,,,,,,,,,,,M,M,,,M,
2023-02-06 12:08:15,M,,M,,,M,,,,,M,,M,M,M,,,,,,,,,,,,,,,,,M,M,,,M,
2023-02-06 12:09:15,M,,M,,,M,,,,,M,,M,M,M,,,,,,,,,,,,,,,,,M,M,,,M,
2023-02-06 12:10:15,M,,M,,,M,,,,,M,,M,M,M,,,,,,,,,,,,,,,,,M,M,,,M,
2023-02-06 12:11:15,M,,M,,,M,,,,,M,,M,M,M,,,,,,,,,,,,,,,,,M,M,,,M,
2023-02-06 12:12:15,M,,M,,,M,,,,,M,,M,M,M,,,,,,,,,,,,,,,,,M,M,,,M,
2023-02-06 12:13:15,M,,M,,,M,,,,,M,,M,M,M,,,,,,,,,,,,,,,,,M,M,,,M,
2023-02-06 12:14:15,M,,M,,,M,,,,,M,,M,M,M,,,,,,,,,,,,,,,,,M,M,,,M,
2023-02-06 12:15:15,M,,M,,,M,,,,,M,,M,M,M,,,,,,,,,,,,,,,,,M,M,,,M,
2023-02-06 12:16:15,M,,M,,,M,,,,,M,,M,M,M,,,,,,,,,,,,,,,,,M,M,,,M,
2023-02-06 12:17:15,M,,M,,,M,,,,,M,,M,M,M,,,,,,,,,,,,,,,,,M,M,,,M,
2023-02-06 12:18:15,M,,M,,,M,,,,,M,,M,M,M,,,,,,,,,,,,,,,,,M,M,,,M,
2023-02-06 12:19:15,M,,M,,,M,,,,,M,,M,M,M,,,,,,,,,,,,,,,,,M,M,,,M,
2023-02-06 12:20:15,M,,M,,,M,,,,,M,,M,M,M,,,,,,,,,,,,,,,,,M,M,,,M,
2023-02-06 12:21:15,M,,M,,,M,,,,,M,,M,M,M,,,,,,,,,,,,,,,,,M,M,,,M,
2023-02-06 12:22:15,M,,M,,,M,,,,,M,,M,M,M,,,,,,,,,,,,,,,,,M,M,,,M,
2023-02-06 12:23:15,M,,M,,,M,,,,,M,,M,M,M,,,,,,,,,,,,,,,,,M,M,,,M,
2023-02-06 12:24:15,M,,M,,,M,,,,,M,,M,M,M,,,,,,,,,,,,,,,,,M,M,,,M,
2023-02-06 12:25:15,M,,M,,,M,,,,,M,,M,M,M,,,,,,,,,,,,,,,,,M,M,,,M,
2023-02-06 12:26:15,M,,M,,,M,,,,,M,,M,M,M,,,,,,,,,,,,,,,,,M,M,,,M,
2023-02-06 12:27:15,M,,M,,,M,,,,,M,,M,M,M,,,,,,,,,,,,,,,,,M,M,,,M,
2023-02-06 12:28:15,M,,M,,,M,,,,,M,,M,M,M,,,,,,,,,,,,,,,,,M,M,,,M,
2023-02-06 12:29:15,M,,M,,,M,,,,,M,,M,M,M,,,,,,,,,,,,,,,,,M,M,,,M,
2023-02-06 12:30:15,M,,M,,,M,,,,,M,,M,M,M,,,,,,,,,,,,,,,,,M,M,,,M,
2023-02-06 12:31:15,M,,M,,,M,,,,,M,,M,M,M,,,,,,,,,,,,,,,,,M,M,,,M,
2023-02-06 12:32:15,M,,M,,,M,,,,,M,,M,M,M,,,,,,,,,,,,,,,,,M,M,,,M,
2023-02-06 12:33:15,M,,M,,,M,,,,,M,,M,M,M,,,,,,,,,,,,,,,,,M,M,,,M,
2023-02-06 12:34:15,M,,M,,,M,,,,,M,,M,M,M,,,,,,,,,,,,,,,,,M,M,,,M,
2023-02-06 12:35:15,M,,M,,,M,,,,,M,,M,M,M,,,,,,,,,,,,,,,,,M,M,,,M,
2023-02-06 12:36:15,M,,M,,,M,,,,,M,,M,M,M,,,,,,,,,,,,,,,,,M,M,,,M,
2023-02-06 12:37:15,M,,M,,,M,,,,,M,,M,M,M,,,,,,,,,,,,,,,,,M,M,,,M,
2023-02-06 12:38:15,M,,M,,,M,,,,,M,,M,M,M,,,,,,,,,,,,,,,,,M,M,,,M,
2023-02-06 12:39:15,M,,M,,,M,,,,,M,,M,M,M,,,,,,,,,,,,,,,,,M,M,,,M,
2023-02-06 12:40:15,M,,M,,,M,,,,,M,,M,M,M,,,,,,,,,,,,,,,,,M,M,,,M,
2023-02-06 12:41:15,M,,M,,,M,,,,,M,,M,M,M,,,,,,,,,,,,,,,,,M,M,,,M,
2023-02-06 12:42:15,M,,M,,,M,,,,,M,,M,M,M,,,,,,,,,,,,,,,,,M,M,,,M,
2023-02-06 12:43:15,M,,M,,,M,,,,,M,,M,M,M,,,,,,,,,,,,,,,,,M,M,,,M,
2023-02-06 12:44:15,M,,M,,,M,,,,,M,,M,M,M,,,,,,,,,,,,,,,,,M,M,,,M,
2023-02-06 12:45:15,M,,M,,,M,,,,,M,,M,M,M,,,,,,,,,,,,,,,,,M,M,,,M,
2023-02-06 12:46:15,M,,M,,,M,,,,,M,,M,M,M,,,,,,,,,,,,,,,,,M,M,,,M,
2023-02-06 12:47:15,M,,M,,,M,,,,,M,,M,M,M,,,,,,,,,,,,,,,,,M,M,,,M,
2023-02-06 12:48:15,M,,M,,,M,,,,,M,,M,M,M,,,,,,,,,,,,,,,,,M,M,,,M,
2023-02-06 12:49:15,M,,M,,,M,,,,,M,,M,M,M,,,,,,,,,,,,,,,,,M,M,,,M,
2023-02-06 12:50:15,M,,M,,,M,,,,,M,,M,M,M,,,,,,,,,,,,,,,,,M,M,,,M,
2023-02-06 12:51:15,M,,M,,,M,,,,,M,,M,M,M,,,,,,,,,,,,,,,,,M,M,,,M,
2023-02-06 12:52:15,M,,M,,,M,,,,,M,,M,M,M,,,,,,,,,,,,,,,,,M,M,,,M,
2023-02-06 12:53:15,M,,M,,,M,,,,,M,,M,M,M,,,,,,,,,,,,,,,,,M,M,,,M,
2023-02-06 12:54:15,M,,M,,,M,,,,,M,,M,M,M,,,,,,,,,,,,,,,,,M,M,,,M,
2023-02-06 12:55:15,M,,M,,,M,,,,,M,,M,M,M,,,,,,,,,,,,,,,,,M,M,,,M,
2023-02-06 12:56:15,M,,M,,,M,,,,,M,,M,M,M,,,,,,,,,,,,,,,,,M,M,,,M,
2023-02-06 12:57:15,M,,M,,,M,,,,,M,,M,M,M,,,,,,,,,,,,,,,,,M,M,,,M,
2023-02-06 12:58:15,M,,M,,,M,,,,,M,,M,M,M,,,,,,,,,,,,,,,,,M,M,,,M,
2023-02-06 12:59:15,M,,M,,,M,,,,,M,,M,M,M,,,,,,,,,,,,,,,,,M,M,,,M,
2023-02-06 13:00:15,M,,M,,,M,,,,,M,,M,M,M,,,,,,,,,,,,,,,,,M,M,,,M,
2023-02-06 13:01:15,M,,M,,,M,,,,,M,,M,M,M,,,,,,,,,,,,,,,,,M,M,,,M,
2023-02-06 13:02:15,M,,M,,,M,,,,,M,,M,M,M,,,,,,,,,,,,,,,,,M,M,,,M,
2023-02-06 13:03:15,M,,M,,,M,,,,,M,,M,M,M,,,,,,,,,,,,,,,,,M,M,,,M,
2023-02-06 13:04:15,M,,M,,,M,,,,,M,,M,M,M,,,,,,,,,,,,,,,,,M,M,,,M,
2023-02-06 13:05:15,M,,M,,,M,,,,,M,,M,M,M,,,,,,,,,,,,,,,,,M,M,,,M,
2023-02-06 13:06:15,M,,M,,,M,,,,,M,,M,M,M,,,,,,,,,,,,,,,,,M,M,,,M,
2023-02-06 13:07:15,M,,M,,,M,,,,,M,,M,M,M,,,,,,,,,,,,,,,,,M,M,,,M,
2023-02-06 13:08:15,M,,M,,,M,,,,,M,,M,M,M,,,,,,,,,,,,,,,,,M,M,,,M,
2023-02-06 13:09:15,M,,M,,,M,,,,,M,,M,M,M,,,,,,,,,,,,,,,,,M,M,,,M,
2023-02-06 13:10:15,M,,M,,,M,,,,,M,,M,M,M,,,,,,,,,,,,,,,,,M,M,,,M,
2023-02-06 13:11:15,M,,M,,,M,,,,,M,,M,M,M,,,,,,,,,,,,,,,,,M,M,,,M,
2023-02-06 13:12:15,M,,M,,,M,,,,,M,,M,M,M,,,,,,,,,,,,,,,,,M,M,,,M,
2023-02-06 13:13:15,M,,M,,,M,,,,,M,,M,M,M,,,,,,,,,,,,,,,,,M,M,,,M,
2023-02-06 13:14:15,M,,M,,,M,,,,,M,,M,M,M,,,,,,,,,,,,,,,,,M,M,,,M,
2023-02-06 13:15:15,M,,M,,,M,,,,,M,,M,M,M,,,,,,,,,,,,,,,,,M,M,,,M,
2023-02-06 13:16:15,M,,M,,,M,,,,,M,,M,M,M,,,,,,,,,,,,,,,,,M,M,,,M,
2023-02-06 13:17:15,M,,M,,,M,,,,,M,,M,M,M,,,,,,,,,,,,,,,,,M,M,,,M,
2023-02-06 13:18:15,M,,M,,,M,,,,,M,,M,M,M,,,,,,,,,,,,,,,,,M,M,,,M,
2023-02-06 13:19:15,M,,M,,,M,,,,,M,,M,M,M,,,,,,,,,,,,,,,,,M,M,,,M,
2023-02-06 13:20:15,M,,M,,,M,,,,,M,,M,M,M,,,,,,,,,,,,,,,,,M,M,,,M,
2023-02-06 13:21:15,M,,M,,,M,,,,,M,,M,M,M,,,,,,,,,,,,,,,,,M,M,,,M,
2023-02-06 13:22:15,M,,M,,,M,,,,,M,,M,M,M,,,,,,,,,,,,,,,,,M,M,,,M,
2023-02-06 13:23:15,M,,M,,,M,,,,,M,,M,M,M,,,,,,,,,,,,,,,,,M,M,,,M,
2023-02-06 13:24:15,M,,M,,,M,,,,,M,,M,M,M,,,,,,,,,,,,,,,,,M,M,,,M,
2023-02-06 13:25:15,M,,M,,,M,,,,,M,,M,M,M,,,,,,,,,,,,,,,,,M,M,,,M,
2023-02-06 13:26:15,M,,M,,,M,,,,,M,,M,M,M,,,,,,,,,,,,,,,,,M,M,,,M,
2023-02-06 13:27:15,M,,M,,,M,,,,,M,,M,M,M,,,,,,,,,,,,,,,,,M,M,,,M,
2023-02-06 13:28:15,M,,M,,,M,,,,,M,,M,M,M,,,,,,,,,,,,,,,,,M,M,,,M,
2023-02-06 13:29:15,M,,M,,,M,,,,,M,,M,M,M,,,,,,,,,,,,,,,,,M,M,,,M,
2023-02-06 13:30:15,M,,M,,,M,,,,,M,,M,M,M,,,,,,,,,,,,,,,,,M,M,,,M,
2023-02-06 13:31:15,M,,M,,,M,,,,,M,,M,M,M,,,,,,,,,,,,,,,,,M,M,,,M,
2023-02-06 13:32:15,M,,M,,,M,,,,,M,,M,M,M,,,,,,,,,,,,,,,,,M,M,,,M,
2023-02-06 13:33:15,M,,M,,,M,,,,,M,,M,M,M,,,,,,,,,,,,,,,,,M,M,,,M,
2023-02-06 13:34:15,M,,M,,,M,,,,,M,,M,M,M,,,,,,,,,,,,,,,,,M,M,,,M,
2023-02-06 13:35:15,M,,M,,,M,,,,,M,,M,M,M,,,,,,,,,,,,,,,,,M,M,,,M,
2023-02-06 13:36:15,M,,M,,,M,,,,,M,,M,M,M,,,,,,,,,,,,,,,,,M,M,,,M,
2023-02-06 13:37:15,M,,M,,,M,,,,,M,,M,M,M,,,,,,,,,,,,,,,,,M,M,,,M,
2023-02-06 13:38:15,M,,M,,,M,,,,,M,,M,M,M,,,,,,,,,,,,,,,,,M,M,,,M,
2023-02-06 13:39:15,M,,M,,,M,,,,,M,,M,M,M,,,,,,,,,,,,,,,,,M,M,,,M,
2023-02-06 13:40:15,M,,M,,,M,,,,,M,,M,M,M,,,,,,,,,,,,,,,,,M,M,,,M,
2023-02-06 13:41:15,M,,M,,,M,,,,,M,,M,M,M,,,,,,,,,,,,,,,,,M,M,,,M,
2023-02-06 13:42:15,M,,M,,,M,,,,,M,,M,M,M,,,,,,,,,,,,,,,,,M,M,,,M,
2023-02-06 13:43:15,M,,M,,,M,,,,,M,,M,M,M,,,,,,,,,,,,,,,,,M,M,,,M,
2023-02-06 13:44:15,M,,M,,,M,,,,,M,,M,M,M,,,,,,,,,,,,,,,,,M,M,,,M,
2023-02-06 13:45:15,M,,M,,,M,,,,,M,,M,M,M,,,,,,,,,,,,,,,,,M,M,,,M,
2023-02-06 13:46:15,M,,M,,,M,,,,,M,,M,M,M,,,,,,,,,,,,,,,,,M,M,,,M,
2023-02-06 13:47:15,M,,M,,,M,,,,,M,,M,M,M,,,,,,,,,,,,,,,,,M,M,,,M,
2023-02-06 13:48:15,M,,M,,,M,,,,,M,,M,M,M,,,,,,,,,,,,,,,,,M,M,,,M,
2023-02-06 13:49:15,M,,M,,,M,,,,,M,,M,M,M,,,,,,,,,,,,,,,,,M,M,,,M,
2023-02-06 13:50:15,M,,M,,,M,,,,,M,,M,M,M,,,,,,,,,,,,,,,,,M,M,,,M,
2023-02-06 13:51:15,M,,M,,,M,,,,,M,,M,M,M,,,,,,,,,,,,,,,,,M,M,,,M,
2023-02-06 13:52:15,M,,M,,,M,,,,,M,,M,M,M,,,,,,,,,,,,,,,,,M,M,,,M,
2023-02-06 13:53:15,M,,M,,,M,,,,,M,,M,M,M,,,,,,,,,,,,,,,,,M,M,,,M,
2023-02-06 13:54:15,M,,M,,,M,,,,,M,,M,M,M,,,,,,,,,,,,,,,,,M,M,,,M,
2023-02-06 13:55:15,M,,M,,,M,,,,,M,,M,M,M,,,,,,,,,,,,,,,,,M,M,,,M,
2023-02-06 13:56:15,M,,M,,,M,,,,,M,,M,M,M,,,,,,,,,,,,,,,,,M,M,,,M,
2023-02-06 13:57:15,M,,M,,,M,,,,,M,,M,M,M,,,,,,,,,,,,,,,,,M,M,,,M,
2023-02-06 13:58:15,M,,M,,,M,,,,,M,,M,M,M,,,,,,,,,,,,,,,,,M,M,,,M,
2023-02-06 13:59:15,M,,M,,,M,,,,,M,,M,M,M,,,,,,,,,,,,,,,,,M,M,,,M,
2023-02-06 14:00:15,M,,M,,,M,,,,,M,,M,M,M,,,,,,,,,,,,,,,,,M,M,,,M,
2023-02-06 14:01:15,M,,M,,,M,,,,,M,,M,M,M,,,,,,,,,,,,,,,,,M,M,,,M,
2023-02-06 14:02:15,M,,M,,,M,,,,,M,,M,M,M,,,,,,,,,,,,,,,,,M,M,,,M,
2023-02-06 14:03:15,M,,M,,,M,,,,,M,,M,M,M,,,,,,,,,,,,,,,,,M,M,,,M,
2023-02-06 14:04:15,M,,M,,,M,,,,,M,,M,M,M,,,,,,,,,,,,,,,,,M,M,,,M,
2023-02-06 14:05:15,M,,M,,,M,,,,,M,,M,M,M,,,,,,,,,,,,,,,,,M,M,,,M,
2023-02-06 14:06:15,M,,M,,,M,,,,,M,,M,M,M,,,,,,,,,,,,,,,,,M,M,,,M,
2023-02-06 14:07:15,M,,M,,,M,,,,,M,,M,M,M,,,,,,,,,,,,,,,,,M,M,,,M,
2023-02-06 14:08:15,M,,M,,,M,,,,,M,,M,M,M,,,,,,,,,,,,,,,,,M,M,,,M,
2023-02-06 14:09:15,M,,M,,,M,,,,,M,,M,M,M,,,,,,,,,,,,,,,,,M,M,,,M,
2023-02-06 14:10:15,M,,M,,,M,,,,,M,,M,M,M,,,,,,,,,,,,,,,,,M,M,,,M,
2023-02-06 14:11:15,M,,M,,,M,,,,,M,,M,M,M,,,,,,,,,,,,,,,,,M,M,,,M,
2023-02-06 14:12:15,M,,M,,,M,,,,,M,,M,M,M,,,,,,,,,,,,,,,,,M,M,,,M,
2023-02-06 14:13:15,M,,M,,,M,,,,,M,,M,M,M,,,,,,,,,,,,,,,,,M,M,,,M,
2023-02-06 14:14:15,M,,M,,,M,,,,,M,,M,M,M,,,,,,,,,,,,,,,,,M,M,,,M,
2023-02-06 14:15:15,M,,M,,,M,,,,,M,,M,M,M,,,,,,,,,,,,,,,,,M,M,,,M,
2023-02-06 14:16:15,M,,M,,,M,,,,,M,,M,M,M,,,,,,,,,,,,,,,,,M,M,,,M,
2023-02-06 14:17:15,M,,M,,,M,,,,,M,,M,M,M,,,,,,,,,,,,,,,,,M,M,,,M,
2023-02-06 14:18:15,M,,M,,,M,,,,,M,,M,M,M,,,,,,,,,,,,,,,,,M,M,,,M,
2023-02-06 14:19:15,M,,M,,,M,,,,,M,,M,M,M,,,,,,,,,,,,,,,,,M,M,,,M,
2023-02-06 14:20:15,M,,M,,,M,,,,,M,,M,M,M,,,,,,,,,,,,,,,,,M,M,,,M,
2023-02-06 14:21:15,M,,M,,,M,,,,,M,,M,M,M,,,,,,,,,,,,,,,,,M,M,,,M,
2023-02-06 14:22:15,M,,M,,,M,,,,,M,,M,M,M,,,,,,,,,,,,,,,,,M,M,,,M,
2023-02-06 14:23:15,M,,M,,,M,,,,,M,,M,M,M,,,,,,,,,,,,,,,,,M,M,,,M,
2023-02-06 14:24:15,M,,M,,,M,,,,,M,,M,M,M,,,,,,,,,,,,,,,,,M,M,,,M,
2023-02-06 14:25:15,M,,M,,,M,,,,,M,,M,M,M,,,,,,,,,,,,,,,,,M,M,,,M,
2023-02-06 14:26:15,M,,M,,,M,,,,,M,,M,M,M,,,,,,,,,,,,,,,,,M,M,,,M,
2023-02-06 14:27:15,M,,M,,,M,,,,,M,,M,M,M,,,,,,,,,,,,,,,,,M,M,,,M,
2023-02-06 14:28:15,M,,M,,,M,,,,,M,,M,M,M,,,,,,,,,,,,,,,,,M,M,,,M,
2023-02-06 14:29:15,M,,M,,,M,,,,,M,,M,M,M,,,,,,,,,,,,,,,,,M,M,,,M,
2023-02-06 14:30:15,M,,M,,,M,,,,,M,,M,M,M,,,,,,,,,,,,,,,,,M,M,,,M,
2023-02-06 14:31:15,M,,M,,,M,,,,,M,,M,M,M,,,,,,,,,,,,,,,,,M,M,,,M,
2023-02-06 14:32:15,M,,M,,,M,,,,,M,,M,M,M,,,,,,,,,,,,,,,,,M,M,,,M,
2023-02-06 14:33:15,M,,M,,,M,,,,,M,,M,M,M,,,,,,,,,,,,,,,,,M,M,,,M,
2023-02-06 14:34:15,M,,M,,,M,,,,,M,,M,M,M,,,,,,,,,,,,,,,,,M,M,,,M,
2023-02-06 14:35:15,M,,M,,,M,,,,,M,,M,M,M,,,,,,,,,,,,,,,,,M,M,,,M,
2023-02-06 14:36:15,M,,M,,,M,,,,,M,,M,M,M,,,,,,,,,,,,,,,,,M,M,,,M,
2023-02-06 14:37:15,M,,M,,,M,,,,,M,,M,M,M,,,,,,,,,,,,,,,,,M,M,,,M,
2023-02-06 14:38:15,M,,M,,,M,,,,,M,,M,M,M,,,,,,,,,,,,,,,,,M,M,,,M,
2023-02-06 14:39:15,M,,M,,,M,,,,,M,,M,M,M,,,,,,,,,,,,,,,,,M,M,,,M,
2023-02-06 14:40:15,M,,M,,,M,,,,,M,,M,M,M,,,,,,,,,,,,,,,,,M,M,,,M,
2023-02-06 14:41:15,M,,M,,,M,,,,,M,,M,M,M,,,,,,,,,,,,,,,,,M,M,,,M,
2023-02-06 14:42:15,M,,M,,,M,,,,,M,,M,M,M,,,,,,,,,,,,,,,,,M,M,,,M,
2023-02-06 14:43:15,M,,M,,,M,,,,,M,,M,M,M,,,,,,,,,,,,,,,,,M,M,,,M,
2023-02-06 14:44:15,M,,M,,,M,,,,,M,,M,M,M,,,,,,,,,,,,,,,,,M,M,,,M,
2023-02-06 14:45:15,M,,M,,,M,,,,,M,,M,M,M,,,,,,,,,,,,,,,,,M,M,,,M,
2023-02-06 14:46:15,M,,M,,,M,,,,,M,,M,M,M,,,,,,,,,,,,,,,,,M,M,,,M,
2023-02-06 14:47:15,M,,M,,,M,,,,,M,,M,M,M,,,,,,,,,,,,,,,,,M,M,,,M,
2023-02-06 14:48:15,M,,M,,,M,,,,,M,,M,M,M,,,,,,,,,,,,,,,,,M,M,,,M,
2023-02-06 14:49:15,M,,M,,,M,,,,,M,,M,M,M,,,,,,,,,,,,,,,,,M,M,,,M,
2023-02-06 14:50:15,M,,M,,,M,,,,,M,,M,M,M,,,,,,,,,,,,,,,,,M,M,,,M,
2023-02-06 14:51:15,M,,M,,,M,,,,,M,,M,M,M,,,,,,,,,,,,,,,,,M,M,,,M,
2023-02-06 14:52:15,M,,M,,,M,,,,,M,,M,M,M,,,,,,,,,,,,,,,,,M,M,,,M,
2023-02-06 14:53:15,M,,M,,,M,,,,,M,,M,M,M,,,,,,,,,,,,,,,,,M,M,,,M,
2023-02-06 14:54:15,M,,M,,,M,,,,,M,,M,M,M,,,,,,,,,,,,,,,,,M,M,,,M,
2023-02-06 14:55:15,M,,M,,,M,,,,,M,,M,M,M,,,,,,,,,,,,,,,,,M,M,,,M,
2023-02-06 14:56:15,M,,M,,,M,,,,,M,,M,M,M,,,,,,,,,,,,,,,,,M,M,,,M,
2023-02-06 14:57:15,M,,M,,,M,,,,,M,,M,M,M,,,,,,,,,,,,,,,,,M,M,,,M,
2023-02-06 14:58:15,M,,M,,,M,,,,,M,,M,M,M,,,,,,,,,,,,,,,,,M,M,,,M,
2023-02-06 14:59:15,M,,M,,,M,,,,,M,,M,M,M,,,,,,,,,,,,,,,,,M,M,,,M,
2023-02-06 15:00:15,M,,M,,,M,,,,,M,,M,M,M,,,,,,,,,,,,,,,,,M,M,,,M,
2023-02-06 15:01:15,M,,M,,,M,,,,,M,,M,M,M,,,,,,,,,,,,,,,,,M,M,,,M,
2023-02-06 15:02:15,M,,M,,,M,,,,,M,,M,M,M,,,,,,,,,,,,,,,,,M,M,,,M,
2023-02-06 15:03:15,M,,M,,,M,,,,,M,,M,M,M,,,,,,,,,,,,,,,,,M,M,,,M,
2023-02-06 15:04:15,M,,M,,,M,,,,,M,,M,M,M,,,,,,,,,,,,,,,,,M,M,,,M,
2023-02-06 15:05:15,M,,M,,,M,,,,,M,,M,M,M,,,,,,,,,,,,,,,,,M,M,,,M,
2023-02-06 15:06:15,M,,M,,,M,,,,,M,,M,M,M,,,,,,,,,,,,,,,,,M,M,,,M,
2023-02-06 15:07:15,M,,M,,,M,,,,,M,,M,M,M,,,,,,,,,,,,,,,,,M,M,,,M,
2023-02-06 15:08:15,M,,M,,,M,,,,,M,,M,M,M,,,,,,,,,,,,,,,,,M,M,,,M,
2023-02-06 15:09:15,M,,M,,,M,,,,,M,,M,M,M,,,,,,,,,,,,,,,,,M,M,,,M,
2023-02-06 15:10:15,M,,M,,,M,,,,,M,,M,M,M,,,,,,,,,,,,,,,,,M,M,,,M,
2023-02-06 15:11:15,M,,M,,,M,,,,,M,,M,M,M,,,,,,,,,,,,,,,,,M,M,,,M,
2023-02-06 15:12:15,M,,M,,,M,,,,,M,,M,M,M,,,,,,,,,,,,,,,,,M,M,,,M,
2023-02-06 15:13:15,M,,M,,,M,,,,,M,,M,M,M,,,,,,,,,,,,,,,,,M,M,,,M,
2023-02-06 15:14:15,M,,M,,,M,,,,,M,,M,M,M,,,,,,,,,,,,,,,,,M,M,,,M,
2023-02-06 15:15:15,M,,M,,,M,,,,,M,,M,M,M,,,,,,,,,,,,,,,,,M,M,,,M,
2023-02-06 15:16:15,M,,M,,,M,,,,,M,,M,M,M,,,,,,,,,,,,,,,,,M,M,,,M,
2023-02-06 15:17:15,M,,M,,,M,,,,,M,,M,M,M,,,,,,,,,,,,,,,,,M,M,,,M,
2023-02-06 15:18:15,M,,M,,,M,,,,,M,,M,M,M,,,,,,,,,,,,,,,,,M,M,,,M,
2023-02-06 15:19:15,M,,M,,,M,,,,,M,,M,M,M,,,,,,,,,,,,,,,,,M,M,,,M,
2023-02-06 15:20:15,M,,M,,,M,,,,,M,,M,M,M,,,,,,,,,,,,,,,,,M,M,,,M,
2023-02-06 15:21:15,M,,M,,,M,,,,,M,,M,M,M,,,,,,,,,,,,,,,,,M,M,,,M,
2023-02-06 15:22:15,M,,M,,,M,,,,,M,,M,M,M,,,,,,,,,,,,,,,,,M,M,,,M,
2023-02-06 15:23:15,M,,M,,,M,,,,,M,,M,M,M,,,,,,,,,,,,,,,,,M,M,,,M,
2023-02-06 15:24:15,M,,M,,,M,,,,,M,,M,M,M,,,,,,,,,,,,,,,,,M,M,,,M,
2023-02-06 15:25:15,M,,M,,,M,,,,,M,,M,M,M,,,,,,,,,,,,,,,,,M,M,,,M,
2023-02-06 15:26:15,M,,M,,,M,,,,,M,,M,M,M,,,,,,,,,,,,,,,,,M,M,,,M,
2023-02-06 15:27:15,M,,M,,,M,,,,,M,,M,M,M,,,,,,,,,,,,,,,,,M,M,,,M,
2023-02-06 15:28:15,M,,M,,,M,,,,,M,,M,M,M,,,,,,,,,,,,,,,,,M,M,,,M,
2023-02-06 15:29:15,M,,M,,,M,,,,,M,,M,M,M,,,,,,,,,,,,,,,,,M,M,,,M,
2023-02-06 15:30:15,M,,M,,,M,,,,,M,,M,M,M,,,,,,,,,,,,,,,,,M,M,,,M,
2023-02-06 15:31:15,M,,M,,,M,,,,,M,,M,M,M,,,,,,,,,,,,,,,,,M,M,,,M,
2023-02-06 15:32:15,M,,M,,,M,,,,,M,,M,M,M,,,,,,,,,,,,,,,,,M,M,,,M,
2023-02-06 15:33:15,M,,M,,,M,,,,,M,,M,M,M,,,,,,,,,,,,,,,,,M,M,,,M,
2023-02-06 15:34:15,M,,M,,,M,,,,,M,,M,M,M,,,,,,,,,,,,,,,,,M,M,,,M,
2023-02-06 15:35:15,M,,M,,,M,,,,,M,,M,M,M,,,,,,,,,,,,,,,,,M,M,,,M,
2023-02-06 15:36:15,M,,M,,,M,,,,,M,,M,M,M,,,,,,,,,,,,,,,,,M,M,,,M,
2023-02-06 15:37:15,M,,M,,,M,,,,,M,,M,M,M,,,,,,,,,,,,,,,,,M,M,,,M,
2023-02-06 15:38:15,M,,M,,,M,,,,,M,,M,M,M,,,,,,,,,,,,,,,,,M,M,,,M,
2023-02-06 15:39:15,M,,M,,,M,,,,,M,,M,M,M,,,,,,,,,,,,,,,,,M,M,,,M,
2023-02-06 15:40:15,M,,M,,,M,,,,,M,,M,M,M,,,,,,,,,,,,,,,,,M,M,,,M,
2023-02-06 15:41:15,M,,M,,,M,,,,,M,,M,M,M,,,,,,,,,,,,,,,,,M,M,,,M,
2023-02-06 15:42:15,M,,M,,,M,,,,,M,,M,M,M,,,,,,,,,,,,,,,,,M,M,,,M,
2023-02-06 15:43:15,M,,M,,,M,,,,,M,,M,M,M,,,,,,,,,,,,,,,,,M,M,,,M,
2023-02-06 15:44:15,M,,M,,,M,,,,,M,,M,M,M,,,,,,,,,,,,,,,,,M,M,,,M,
2023-02-06 15:45:15,M,,M,,,M,,,,,M,,M,M,M,,,,,,,,,,,,,,,,,M,M,,,M,
2023-02-06 15:46:15,M,,M,,,M,,,,,M,,M,M,M,,,,,,,,,,,,,,,,,M,M,,,M,
2023-02-06 15:47:15,M,,M,,,M,,,,,M,,M,M,M,,,,,,,,,,,,,,,,,M,M,,,M,
2023-02-06 15:48:15,M,,M,,,M,,,,,M,,M,M,M,,,,,,,,,,,,,,,,,M,M,,,M,
2023-02-06 15:49:15,M,,M,,,M,,,,,M,,M,M,M,,,,,,,,,,,,,,,,,M,M,,,M,
2023-02-06 15:50:15,M,,M,,,M,,,,,M,,M,M,M,,,,,,,,,,,,,,,,,M,M,,,M,
2023-02-06 15:51:15,M,,M,,,M,,,,,M,,M,M,M,,,,,,,,,,,,,,,,,M,M,,,M,
2023-02-06 15:52:15,M,,M,,,M,,,,,M,,M,M,M,,,,,,,,,,,,,,,,,M,M,,,M,
2023-02-06 15:53:15,M,,M,,,M,,,,,M,,M,M,M,,,,,,,,,,,,,,,,,M,M,,,M,
2023-02-06 15:54:15,M,,M,,,M,,,,,M,,M,M,M,,,,,,,,,,,,,,,,,M,M,,,M,
2023-02-06 15:55:15,M,,M,,,M,,,,,M,,M,M,M,,,,,,,,,,,,,,,,,M,M,,,M,
2023-02-06 15:56:15,M,,M,,,M,,,,,M,,M,M,M,,,,,,,,,,,,,,,,,M,M,,,M,
2023-02-06 15:57:15,M,,M,,,M,,,,,M,,M,M,M,,,,,,,,,,,,,,,,,M,M,,,M,
2023-02-06 15:58:15,M,,M,,,M,,,,,M,,M,M,M,,,,,,,,,,,,,,,,,M,M,,,M,
2023-02-06 15:59:15,M,,M,,,M,,,,,M,,M,M,M,,,,,,,,,,,,,,,,,M,M,,,M,
2023-02-06 16:00:15,M,,M,,,M,,,,,M,,M,M,M,,,,,,,,,,,,,,,,,M,M,,,M,
2023-02-06 16:01:15,M,,M,,,M,,,,,M,,M,M,M,,,,,,,,,,,,,,,,,M,M,,,M,
2023-02-06 16:02:15,M,,M,,,M,,,,,M,,M,M,M,,,,,,,,,,,,,,,,,M,M,,,M,
2023-02-06 16:03:15,M,,M,,,M,,,,,M,,M,M,M,,,,,,,,,,,,,,,,,M,M,,,M,
2023-02-06 16:04:15,M,,M,,,M,,,,,M,,M,M,M,,,,,,,,,,,,,,,,,M,M,,,M,
2023-02-06 16:05:15,M,,M,,,M,,,,,M,,M,M,M,,,,,,,,,,,,,,,,,M,M,,,M,
2023-02-06 16:06:15,M,,M,,,M,,,,,M,,M,M,M,,,,,,,,,,,,,,,,,M,M,,,M,
2023-02-06 16:07:15,M,,M,,,M,,,,,M,,M,M,M,,,,,,,,,,,,,,,,,M,M,,,M,
2023-02-06 16:08:15,M,,M,,,M,,,,,M,,M,M,M,,,,,,,,,,,,,,,,,M,M,,,M,
2023-02-06 16:09:15,M,,M,,,M,,,,,M,,M,M,M,,,,,,,,,,,,,,,,,M,M,,,M,
2023-02-06 16:10:15,M,,M,,,M,,,,,M,,M,M,M,,,,,,,,,,,,,,,,,M,M,,,M,
2023-02-06 16:11:15,M,,M,,,M,,,,,M,,M,M,M,,,,,,,,,,,,,,,,,M,M,,,M,
2023-02-06 16:12:15,M,,M,,,M,,,,,M,,M,M,M,,,,,,,,,,,,,,,,,M,M,,,M,
2023-02-06 16:13:15,M,,M,,,M,,,,,M,,M,M,M,,,,,,,,,,,,,,,,,M,M,,,M,
2023-02-06 16:14:15,M,,M,,,M,,,,,M,,M,M,M,,,,,,,,,,,,,,,,,M,M,,,M,
2023-02-06 16:15:15,M,,M,,,M,,,,,M,,M,M,M,,,,,,,,,,,,,,,,,M,M,,,M,
2023-02-06 16:16:15,M,,M,,,M,,,,,M,,M,M,M,,,,,,,,,,,,,,,,,M,M,,,M,
2023-02-06 16:17:15,M,,M,,,M,,,,,M,,M,M,M,,,,,,,,,,,,,,,,,M,M,,,M,
2023-02-06 16:18:15,M,,M,,,M,,,,,M,,M,M,M,,,,,,,,,,,,,,,,,M,M,,,M,
2023-02-06 16:19:15,M,,M,,,M,,,,,M,,M,M,M,,,,,,,,,,,,,,,,,M,M,,,M,
2023-02-06 16:20:15,M,,M,,,M,,,,,M,,M,M,M,,,,,,,,,,,,,,,,,M,M,,,M,
2023-02-06 16:21:15,M,,M,,,M,,,,,M,,M,M,M,,,,,,,,,,,,,,,,,M,M,,,M,
2023-02-06 16:22:15,M,,M,,,M,,,,,M,,M,M,M,,,,,,,,,,,,,,,,,M,M,,,M,
2023-02-06 16:23:15,M,,M,,,M,,,,,M,,M,M,M,,,,,,,,,,,,,,,,,M,M,,,M,
2023-02-06 16:24:15,M,,M,,,M,,,,,M,,M,M,M,,,,,,,,,,,,,,,,,M,M,,,M,
2023-02-06 16:25:15,M,,M,,,M,,,,,M,,M,M,M,,,,,,,,,,,,,,,,,M,M,,,M,
2023-02-06 16:26:15,M,,M,,,M,,,,,M,,M,M,M,,,,,,,,,,,,,,,,,M,M,,,M,
2023-02-06 16:27:15,M,,M,,,M,,,,,M,,M,M,M,,,,,,,,,,,,,,,,,M,M,,,M,
2023-02-06 16:28:15,M,,M,,,M,,,,,M,,M,M,M,,,,,,,,,,,,,,,,,M,M,,,M,
2023-02-06 16:29:15,M,,M,,,M,,,,,M,,M,M,M,,,,,,,,,,,,,,,,,M,M,,,M,
2023-02-06 16:30:15,M,,M,,,M,,,,,M,,M,M,M,,,,,,,,,,,,,,,,,M,M,,,M,
2023-02-06 16:31:15,M,,M,,,M,,,,,M,,M,M,M,,,,,,,,,,,,,,,,,M,M,,,M,
2023-02-06 16:32:15,M,,M,,,M,,,,,M,,M,M,M,,,,,,,,,,,,,,,,,M,M,,,M,
2023-02-06 16:33:15,M,,M,,,M,,,,,M,,M,M,M,,,,,,,,,,,,,,,,,M,M,,,M,
2023-02-06 16:34:15,M,,M,,,M,,,,,M,,M,M,M,,,,,,,,,,,,,,,,,M,M,,,M,
2023-02-06 16:35:15,M,,M,,,M,,,,,M,,M,M,M,,,,,,,,,,,,,,,,,M,M,,,M,
2023-02-06 16:36:15,M,,M,,,M,,,,,M,,M,M,M,,,,,,,,,,,,,,,,,M,M,,,M,
2023-02-06 16:37:15,M,,M,,,M,,,,,M,,M,M,M,,,,,,,,,,,,,,,,,M,M,,,M,
2023-02-06 16:38:15,M,,M,,,M,,,,,M,,M,M,M,,,,,,,,,,,,,,,,,M,M,,,M,
2023-02-06 16:39:15,M,,M,,,M,,,,,M,,M,M,M,,,,,,,,,,,,,,,,,M,M,,,M,
2023-02-06 16:40:15,M,,M,,,M,,,,,M,,M,M,M,,,,,,,,,,,,,,,,,M,M,,,M,
2023-02-06 16:41:15,M,,M,,,M,,,,,M,,M,M,M,,,,,,,,,,,,,,,,,M,M,,,M,
2023-02-06 16:42:15,M,,M,,,M,,,,,M,,M,M,M,,,,,,,,,,,,,,,,,M,M,,,M,
2023-02-06 16:43:15,M,,M,,,M,,,,,M,,M,M,M,,,,,,,,,,,,,,,,,M,M,,,M,
2023-02-06 16:44:15,M,,M,,,M,,,,,M,,M,M,M,,,,,,,,,,,,,,,,,M,M,,,M,
2023-02-06 16:45:15,M,,M,,,M,,,,,M,,M,M,M,,,,,,,,,,,,,,,,,M,M,,,M,
2023-02-06 16:46:15,M,,M,,,M,,,,,M,,M,M,M,,,,,,,,,,,,,,,,,M,M,,,M,
2023-02-06 16:47:15,M,,M,,,M,,,,,M,,M,M,M,,,,,,,,,,,,,,,,,M,M,,,M,
2023-02-06 16:48:15,M,,M,,,M,,,,,M,,M,M,M,,,,,,,,,,,,,,,,,M,M,,,M,
2023-02-06 16:49:15,M,,M,,,M,,,,,M,,M,M,M,,,,,,,,,,,,,,,,,M,M,,,M,
2023-02-06 16:50:15,M,,M,,,M,,,,,M,,M,M,M,,,,,,,,,,,,,,,,,M,M,,,M,
2023-02-06 16:51:15,M,,M,,,M,,,,,M,,M,M,M,,,,,,,,,,,,,,,,,M,M,,,M,
2023-02-06 16:52:15,M,,M,,,M,,,,,M,,M,M,M,,,,,,,,,,,,,,,,,M,M,,,M,
2023-02-06 16:53:15,M,,M,,,M,,,,,M,,M,M,M,,,,,,,,,,,,,,,,,M,M,,,M,
2023-02-06 16:54:15,M,,M,,,M,,,,,M,,M,M,M,,,,,,,,,,,,,,,,,M,M,,,M,
2023-02-06 16:55:15,M,,M,,,M,,,,,M,,M,M,M,,,,,,,,,,,,,,,,,M,M,,,M,
2023-02-06 16:56:15,M,,M,,,M,,,,,M,,M,M,M,,,,,,,,,,,,,,,,,M,M,,,M,
2023-02-06 16:57:15,M,,M,,,M,,,,,M,,M,M,M,,,,,,,,,,,,,,,,,M,M,,,M,
2023-02-06 16:58:15,M,,M,,,M,,,,,M,,M,M,M,,,,,,,,,,,,,,,,,M,M,,,M,
2023-02-06 16:59:15,M,,M,,,M,,,,,M,,M,M,M,,,,,,,,,,,,,,,,,M,M,,,M,
2023-02-06 17:00:15,M,,M,,,M,,,,,M,,M,M,M,,,,,,,,,,,,,,,,,M,M,,,M,
2023-02-06 17:01:15,M,,M,,,M,,,,,M,,M,M,M,,,,,,,,,,,,,,,,,M,M,,,M,
2023-02-06 17:02:15,M,,M,,,M,,,,,M,,M,M,M,,,,,,,,,,,,,,,,,M,M,,,M,
2023-02-06 17:03:15,M,,M,,,M,,,,,M,,M,M,M,,,,,,,,,,,,,,,,,M,M,,,M,
2023-02-06 17:04:15,M,,M,,,M,,,,,M,,M,M,M,,,,,,,,,,,,,,,,,M,M,,,M,
2023-02-06 17:05:15,M,,M,,,M,,,,,M,,M,M,M,,,,,,,,,,,,,,,,,M,M,,,M,
2023-02-06 17:06:15,M,,M,,,M,,,,,M,,M,M,M,,,,,,,,,,,,,,,,,M,M,,,M,
2023-02-06 17:07:15,M,,M,,,M,,,,,M,,M,M,M,,,,,,,,,,,,,,,,,M,M,,,M,
2023-02-06 17:08:15,M,,M,,,M,,,,,M,,M,M,M,,,,,,,,,,,,,,,,,M,M,,,M,
2023-02-06 17:09:15,M,,M,,,M,,,,,M,,M,M,M,,,,,,,,,,,,,,,,,M,M,,,M,
2023-02-06 17:10:15,M,,M,,,M,,,,,M,,M,M,M,,,,,,,,,,,,,,,,,M,M,,,M,
2023-02-06 17:11:15,M,,M,,,M,,,,,M,,M,M,M,,,,,,,,,,,,,,,,,M,M,,,M,
2023-02-06 17:12:15,M,,M,,,M,,,,,M,,M,M,M,,,,,,,,,,,,,,,,,M,M,,,M,
2023-02-06 17:13:15,M,,M,,,M,,,,,M,,M,M,M,,,,,,,,,,,,,,,,,M,M,,,M,
2023-02-06 17:14:15,M,,M,,,M,,,,,M,,M,M,M,,,,,,,,,,,,,,,,,M,M,,,M,
2023-02-06 17:15:15,M,,M,,,M,,,,,M,,M,M,M,,,,,,,,,,,,,,,,,M,M,,,M,
2023-02-06 17:16:15,M,,M,,,M,,,,,M,,M,M,M,,,,,,,,,,,,,,,,,M,M,,,M,
2023-02-06 17:17:15,M,,M,,,M,,,,,M,,M,M,M,,,,,,,,,,,,,,,,,M,M,,,M,
2023-02-06 17:18:15,M,,M,,,M,,,,,M,,M,M,M,,,,,,,,,,,,,,,,,M,M,,,M,
2023-02-06 17:19:15,M,,M,,,M,,,,,M,,M,M,M,,,,,,,,,,,,,,,,,M,M,,,M,
2023-02-06 17:20:15,M,,M,,,M,,,,,M,,M,M,M,,,,,,,,,,,,,,,,,M,M,,,M,
2023-02-06 17:21:15,M,,M,,,M,,,,,M,,M,M,M,,,,,,,,,,,,,,,,,M,M,,,M,
2023-02-06 17:22:15,M,,M,,,M,,,,,M,,M,M,M,,,,,,,,,,,,,,,,,M,M,,,M,
2023-02-06 17:23:15,M,,M,,,M,,,,,M,,M,M,M,,,,,,,,,,,,,,,,,M,M,,,M,
2023-02-06 17:24:15,M,,M,,,M,,,,,M,,M,M,M,,,,,,,,,,,,,,,,,M,M,,,M,
2023-02-06 17:25:15,M,,M,,,M,,,,,M,,M,M,M,,,,,,,,,,,,,,,,,M,M,,,M,
2023-02-06 17:26:15,M,,M,,,M,,,,,M,,M,M,M,,,,,,,,,,,,,,,,,M,M,,,M,
2023-02-06 17:27:15,M,,M,,,M,,,,,M,,M,M,M,,,,,,,,,,,,,,,,,M,M,,,M,
2023-02-06 17:28:15,M,,M,,,M,,,,,M,,M,M,M,,,,,,,,,,,,,,,,,M,M,,,M,
2023-02-06 17:29:15,M,,M,,,M,,,,,M,,M,M,M,,,,,,,,,,,,,,,,,M,M,,,M,
2023-02-06 17:30:15,M,,M,,,M,,,,,M,,M,M,M,,,,,,,,,,,,,,,,,M,M,,,M,
2023-02-06 17:31:15,M,,M,,,M,,,,,M,,M,M,M,,,,,,,,,,,,,,,,,M,M,,,M,
2023-02-06 17:32:15,M,,M,,,M,,,,,M,,M,M,M,,,,,,,,,,,,,,,,,M,M,,,M,
2023-02-06 17:33:15,M,,M,,,M,,,,,M,,M,M,M,,,,,,,,,,,,,,,,,M,M,,,M,
2023-02-06 17:34:15,M,,M,,,M,,,,,M,,M,M,M,,,,,,,,,,,,,,,,,M,M,,,M,
2023-02-06 17:35:15,M,,M,,,M,,,,,M,,M,M,M,,,,,,,,,,,,,,,,,M,M,,,M,
2023-02-06 17:36:15,M,,M,,,M,,,,,M,,M,M,M,,,,,,,,,,,,,,,,,M,M,,,M,
2023-02-06 17:37:15,M,,M,,,M,,,,,M,,M,M,M,,,,,,,,,,,,,,,,,M,M,,,M,
2023-02-06 17:38:15,M,,M,,,M,,,,,M,,M,M,M,,,,,,,,,,,,,,,,,M,M,,,M,
2023-02-06 17:39:15,M,,M,,,M,,,,,M,,M,M,M,,,,,,,,,,,,,,,,,M,M,,,M,
2023-02-06 17:40:15,M,,M,,,M,,,,,M,,M,M,M,,,,,,,,,,,,,,,,,M,M,,,M,
2023-02-06 17:41:15,M,,M,,,M,,,,,M,,M,M,M,,,,,,,,,,,,,,,,,M,M,,,M,
2023-02-06 17:42:15,M,,M,,,M,,,,,M,,M,M,M,,,,,,,,,,,,,,,,,M,M,,,M,
2023-02-06 17:43:15,M,,M,,,M,,,,,M,,M,M,M,,,,,,,,,,,,,,,,,M,M,,,M,
2023-02-06 17:44:15,M,,M,,,M,,,,,M,,M,M,M,,,,,,,,,,,,,,,,,M,M,,,M,
2023-02-06 17:45:15,M,,M,,,M,,,,,M,,M,M,M,,,,,,,,,,,,,,,,,M,M,,,M,
2023-02-06 17:46:15,M,,M,,,M,,,,,M,,M,M,M,,,,,,,,,,,,,,,,,M,M,,,M,
2023-02-06 17:47:15,M,,M,,,M,,,,,M,,M,M,M,,,,,,,,,,,,,,,,,M,M,,,M,
2023-02-06 17:48:15,M,,M,,,M,,,,,M,,M,M,M,,,,,,,,,,,,,,,,,M,M,,,M,
2023-02-06 17:49:15,M,,M,,,M,,,,,M,,M,M,M,,,,,,,,,,,,,,,,,M,M,,,M,
2023-02-06 17:50:15,M,,M,,,M,,,,,M,,M,M,M,,,,,,,,,,,,,,,,,M,M,,,M,
2023-02-06 17:51:15,M,,M,,,M,,,,,M,,M,M,M,,,,,,,,,,,,,,,,,M,M,,,M,
2023-02-06 17:52:15,M,,M,,,M,,,,,M,,M,M,M,,,,,,,,,,,,,,,,,M,M,,,M,
2023-02-06 17:53:15,M,,M,,,M,,,,,M,,M,M,M,,,,,,,,,,,,,,,,,M,M,,,M,
2023-02-06 17:54:15,M,,M,,,M,,,,,M,,M,M,M,,,,,,,,,,,,,,,,,M,M,,,M,
2023-02-06 17:55:15,M,,M,,,M,,,,,M,,M,M,M,,,,,,,,,,,,,,,,,M,M,,,M,
2023-02-06 17:56:15,M,,M,,,M,,,,,M,,M,M,M,,,,,,,,,,,,,,,,,M,M,,,M,
2023-02-06 17:57:15,M,,M,,,M,,,,,M,,M,M,M,,,,,,,,,,,,,,,,,M,M,,,M,
2023-02-06 17:58:15,M,,M,,,M,,,,,M,,M,M,M,,,,,,,,,,,,,,,,,M,M,,,M,
2023-02-06 17:59:15,M,,M,,,M,,,,,M,,M,M,M,,,,,,,,,,,,,,,,,M,M,,,M,
2023-02-06 18:00:15,M,,M,,,M,,,,,M,,M,M,M,,,,,,,,,,,,,,,,,M,M,,,M,
2023-02-06 18:01:15,M,,M,,,M,,,,,M,,M,M,M,,,,,,,,,,,,,,,,,M,M,,,M,
2023-02-06 18:02:15,M,,M,,,M,,,,,M,,M,M,M,,,,,,,,,,,,,,,,,M,M,,,M,
2023-02-06 18:03:15,M,,M,,,M,,,,,M,,M,M,M,,,,,,,,,,,,,,,,,M,M,,,M,
2023-02-06 18:04:15,M,,M,,,M,,,,,M,,M,M,M,,,,,,,,,,,,,,,,,M,M,,,M,
2023-02-06 18:05:15,M,,M,,,M,,,,,M,,M,M,M,,,,,,,,,,,,,,,,,M,M,,,M,
2023-02-06 18:06:15,M,,M,,,M,,,,,M,,M,M,M,,,,,,,,,,,,,,,,,M,M,,,M,
2023-02-06 18:07:15,M,,M,,,M,,,,,M,,M,M,M,,,,,,,,,,,,,,,,,M,M,,,M,
2023-02-06 18:08:15,M,,M,,,M,,,,,M,,M,M,M,,,,,,,,,,,,,,,,,M,M,,,M,
2023-02-06 18:09:15,M,,M,,,M,,,,,M,,M,M,M,,,,,,,,,,,,,,,,,M,M,,,M,
2023-02-06 18:10:15,M,,M,,,M,,,,,M,,M,M,M,,,,,,,,,,,,,,,,,M,M,,,M,
2023-02-06 18:11:15,M,,M,,,M,,,,,M,,M,M,M,,,,,,,,,,,,,,,,,M,M,,,M,
2023-02-06 18:12:15,M,,M,,,M,,,,,M,,M,M,M,,,,,,,,,,,,,,,,,M,M,,,M,
2023-02-06 18:13:15,M,,M,,,M,,,,,M,,M,M,M,,,,,,,,,,,,,,,,,M,M,,,M,
2023-02-06 18:14:15,M,,M,,,M,,,,,M,,M,M,M,,,,,,,,,,,,,,,,,M,M,,,M,
2023-02-06 18:15:15,M,,M,,,M,,,,,M,,M,M,M,,,,,,,,,,,,,,,,,M,M,,,M,
2023-02-06 18:16:15,M,,M,,,M,,,,,M,,M,M,M,,,,,,,,,,,,,,,,,M,M,,,M,
2023-02-06 18:17:15,M,,M,,,M,,,,,M,,M,M,M,,,,,,,,,,,,,,,,,M,M,,,M,
2023-02-06 18:18:15,M,,M,,,M,,,,,M,,M,M,M,,,,,,,,,,,,,,,,,M,M,,,M,
2023-02-06 18:19:15,M,,M,,,M,,,,,M,,M,M,M,,,,,,,,,,,,,,,,,M,M,,,M,
2023-02-06 18:20:15,M,,M,,,M,,,,,M,,M,M,M,,,,,,,,,,,,,,,,,M,M,,,M,
2023-02-06 18:21:15,M,,M,,,M,,,,,M,,M,M,M,,,,,,,,,,,,,,,,,M,M,,,M,
2023-02-06 18:22:15,M,,M,,,M,,,,,M,,M,M,M,,,,,,,,,,,,,,,,,M,M,,,M,
2023-02-06 18:23:15,M,,M,,,M,,,,,M,,M,M,M,,,,,,,,,,,,,,,,,M,M,,,M,
2023-02-06 18:24:15,M,,M,,,M,,,,,M,,M,M,M,,,,,,,,,,,,,,,,,M,M,,,M,
2023-02-06 18:25:15,M,,M,,,M,,,,,M,,M,M,M,,,,,,,,,,,,,,,,,M,M,,,M,
2023-02-06 18:26:15,M,,M,,,M,,,,,M,,M,M,M,,,,,,,,,,,,,,,,,M,M,,,M,
2023-02-06 18:27:15,M,,M,,,M,,,,,M,,M,M,M,,,,,,,,,,,,,,,,,M,M,,,M,
2023-02-06 18:28:15,M,,M,,,M,,,,,M,,M,M,M,,,,,,,,,,,,,,,,,M,M,,,M,
2023-02-06 18:29:15,M,,M,,,M,,,,,M,,M,M,M,,,,,,,,,,,,,,,,,M,M,,,M,
2023-02-06 18:30:15,M,,M,,,M,,,,,M,,M,M,M,,,,,,,,,,,,,,,,,M,M,,,M,
2023-02-06 18:31:15,M,,M,,,M,,,,,M,,M,M,M,,,,,,,,,,,,,,,,,M,M,,,M,
2023-02-06 18:32:15,M,,M,,,M,,,,,M,,M,M,M,,,,,,,,,,,,,,,,,M,M,,,M,
2023-02-06 18:33:15,M,,M,,,M,,,,,M,,M,M,M,,,,,,,,,,,,,,,,,M,M,,,M,
2023-02-06 18:34:15,M,,M,,,M,,,,,M,,M,M,M,,,,,,,,,,,,,,,,,M,M,,,M,
2023-02-06 18:35:15,M,,M,,,M,,,,,M,,M,M,M,,,,,,,,,,,,,,,,,M,M,,,M,
2023-02-06 18:36:15,M,,M,,,M,,,,,M,,M,M,M,,,,,,,,,,,,,,,,,M,M,,,M,
2023-02-06 18:37:15,M,,M,,,M,,,,,M,,M,M,M,,,,,,,,,,,,,,,,,M,M,,,M,
2023-02-06 18:38:15,M,,M,,,M,,,,,M,,M,M,M,,,,,,,,,,,,,,,,,M,M,,,M,
2023-02-06 18:39:15,M,,M,,,M,,,,,M,,M,M,M,,,,,,,,,,,,,,,,,M,M,,,M,
2023-02-06 18:40:15,M,,M,,,M,,,,,M,,M,M,M,,,,,,,,,,,,,,,,,M,M,,,M,
2023-02-06 18:41:15,M,,M,,,M,,,,,M,,M,M,M,,,,,,,,,,,,,,,,,M,M,,,M,
2023-02-06 18:42:15,M,,M,,,M,,,,,M,,M,M,M,,,,,,,,,,,,,,,,,M,M,,,M,
2023-02-06 18:43:15,M,,M,,,M,,,,,M,,M,M,M,,,,,,,,,,,,,,,,,M,M,,,M,
2023-02-06 18:44:15,M,,M,,,M,,,,,M,,M,M,M,,,,,,,,,,,,,,,,,M,M,,,M,
2023-02-06 18:45:15,M,,M,,,M,,,,,M,,M,M,M,,,,,,,,,,,,,,,,,M,M,,,M,
2023-02-06 18:46:15,M,,M,,,M,,,,,M,,M,M,M,,,,,,,,,,,,,,,,,M,M,,,M,
2023-02-06 18:47:15,M,,M,,,M,,,,,M,,M,M,M,,,,,,,,,,,,,,,,,M,M,,,M,
2023-02-06 18:48:15,M,,M,,,M,,,,,M,,M,M,M,,,,,,,,,,,,,,,,,M,M,,,M,
2023-02-06 18:49:15,M,,M,,,M,,,,,M,,M,M,M,,,,,,,,,,,,,,,,,M,M,,,M,
2023-02-06 18:50:15,M,,M,,,M,,,,,M,,M,M,M,,,,,,,,,,,,,,,,,M,M,,,M,
2023-02-06 18:51:15,M,,M,,,M,,,,,M,,M,M,M,,,,,,,,,,,,,,,,,M,M,,,M,
2023-02-06 18:52:15,M,,M,,,M,,,,,M,,M,M,M,,,,,,,,,,,,,,,,,M,M,,,M,
2023-02-06 18:53:15,M,,M,,,M,,,,,M,,M,M,M,,,,,,,,,,,,,,,,,M,M,,,M,
2023-02-06 18:54:15,M,,M,,,M,,,,,M,,M,M,M,,,,,,,,,,,,,,,,,M,M,,,M,
2023-02-06 18:55:15,M,,M,,,M,,,,,M,,M,M,M,,,,,,,,,,,,,,,,,M,M,,,M,
2023-02-06 18:56:15,M,,M,,,M,,,,,M,,M,M,M,,,,,,,,,,,,,,,,,M,M,,,M,
2023-02-06 18:57:15,M,,M,,,M,,,,,M,,M,M,M,,,,,,,,,,,,,,,,,M,M,,,M,
2023-02-06 18:58:15,M,,M,,,M,,,,,M,,M,M,M,,,,,,,,,,,,,,,,,M,M,,,M,
2023-02-06 18:59:15,M,,M,,,M,,,,,M,,M,M,M,,,,,,,,,,,,,,,,,M,M,,,M,
2023-02-06 19:00:15,M,,M,,,M,,,,,M,,M,M,M,,,,,,,,,,,,,,,,,M,M,,,M,
2023-02-06 19:01:15,M,,M,,,M,,,,,M,,M,M,M,,,,,,,,,,,,,,,,,M,M,,,M,
2023-02-06 19:02:15,M,,M,,,M,,,,,M,,M,M,M,,,,,,,,,,,,,,,,,M,M,,,M,
2023-02-06 19:03:15,M,,M,,,M,,,,,M,,M,M,M,,,,,,,,,,,,,,,,,M,M,,,M,
2023-02-06 19:04:15,M,,M,,,M,,,,,M,,M,M,M,,,,,,,,,,,,,,,,,M,M,,,M,
2023-02-06 19:05:15,M,,M,,,M,,,,,M,,M,M,M,,,,,,,,,,,,,,,,,M,M,,,M,
2023-02-06 19:06:15,M,,M,,,M,,,,,M,,M,M,M,,,,,,,,,,,,,,,,,M,M,,,M,
2023-02-06 19:07:15,M,,M,,,M,,,,,M,,M,M,M,,,,,,,,,,,,,,,,,M,M,,,M,
2023-02-06 19:08:15,M,,M,,,M,,,,,M,,M,M,M,,,,,,,,,,,,,,,,,M,M,,,M,
2023-02-06 19:09:15,M,,M,,,M,,,,,M,,M,M,M,,,,,,,,,,,,,,,,,M,M,,,M,
2023-02-06 19:10:15,M,,M,,,M,,,,,M,,M,M,M,,,,,,,,,,,,,,,,,M,M,,,M,
2023-02-06 19:11:15,M,,M,,,M,,,,,M,,M,M,M,,,,,,,,,,,,,,,,,M,M,,,M,
2023-02-06 19:12:15,M,,M,,,M,,,,,M,,M,M,M,,,,,,,,,,,,,,,,,M,M,,,M,
2023-02-06 19:13:15,M,,M,,,M,,,,,M,,M,M,M,,,,,,,,,,,,,,,,,M,M,,,M,
2023-02-06 19:14:15,M,,M,,,M,,,,,M,,M,M,M,,,,,,,,,,,,,,,,,M,M,,,M,
2023-02-06 19:15:15,M,,M,,,M,,,,,M,,M,M,M,,,,,,,,,,,,,,,,,M,M,,,M,
2023-02-06 19:16:15,M,,M,,,M,,,,,M,,M,M,M,,,,,,,,,,,,,,,,,M,M,,,M,
2023-02-06 19:17:15,M,,M,,,M,,,,,M,,M,M,M,,,,,,,,,,,,,,,,,M,M,,,M,
2023-02-06 19:18:15,M,,M,,,M,,,,,M,,M,M,M,,,,,,,,,,,,,,,,,M,M,,,M,
2023-02-06 19:19:15,M,,M,,,M,,,,,M,,M,M,M,,,,,,,,,,,,,,,,,M,M,,,M,
2023-02-06 19:20:15,M,,M,,,M,,,,,M,,M,M,M,,,,,,,,,,,,,,,,,M,M,,,M,
2023-02-06 19:21:15,M,,M,,,M,,,,,M,,M,M,M,,,,,,,,,,,,,,,,,M,M,,,M,
2023-02-06 19:22:15,M,,M,,,M,,,,,M,,M,M,M,,,,,,,,,,,,,,,,,M,M,,,M,
2023-02-06 19:23:15,M,,M,,,M,,,,,M,,M,M,M,,,,,,,,,,,,,,,,,M,M,,,M,
2023-02-06 19:24:15,M,,M,,,M,,,,,M,,M,M,M,,,,,,,,,,,,,,,,,M,M,,,M,
2023-02-06 19:25:15,M,,M,,,M,,,,,M,,M,M,M,,,,,,,,,,,,,,,,,M,M,,,M,
2023-02-06 19:26:15,M,,M,,,M,,,,,M,,M,M,M,,,,,,,,,,,,,,,,,M,M,,,M,
2023-02-06 19:27:15,M,,M,,,M,,,,,M,,M,M,M,,,,,,,,,,,,,,,,,M,M,,,M,
2023-02-06 19:28:15,M,,M,,,M,,,,,M,,M,M,M,,,,,,,,,,,,,,,,,M,M,,,M,
2023-02-06 19:29:15,M,,M,,,M,,,,,M,,M,M,M,,,,,,,,,,,,,,,,,M,M,,,M,
2023-02-06 19:30:15,M,,M,,,M,,,,,M,,M,M,M,,,,,,,,,,,,,,,,,M,M,,,M,
2023-02-06 19:31:15,M,,M,,,M,,,,,M,,M,M,M,,,,,,,,,,,,,,,,,M,M,,,M,
2023-02-06 19:32:15,M,,M,,,M,,,,,M,,M,M,M,,,,,,,,,,,,,,,,,M,M,,,M,
2023-02-06 19:33:15,M,,M,,,M,,,,,M,,M,M,M,,,,,,,,,,,,,,,,,M,M,,,M,
2023-02-06 19:34:15,M,,M,,,M,,,,,M,,M,M,M,,,,,,,,,,,,,,,,,M,M,,,M,
2023-02-06 19:35:15,M,,M,,,M,,,,,M,,M,M,M,,,,,,,,,,,,,,,,,M,M,,,M,
2023-02-06 19:36:15,M,,M,,,M,,,,,M,,M,M,M,,,,,,,,,,,,,,,,,M,M,,,M,
2023-02-06 19:37:15,M,,M,,,M,,,,,M,,M,M,M,,,,,,,,,,,,,,,,,M,M,,,M,
2023-02-06 19:38:15,M,,M,,,M,,,,,M,,M,M,M,,,,,,,,,,,,,,,,,M,M,,,M,
2023-02-06 19:39:15,M,,M,,,M,,,,,M,,M,M,M,,,,,,,,,,,,,,,,,M,M,,,M,
2023-02-06 19:40:15,M,,M,,,M,,,,,M,,M,M,M,,,,,,,,,,,,,,,,,M,M,,,M,
2023-02-06 19:41:15,M,,M,,,M,,,,,M,,M,M,M,,,,,,,,,,,,,,,,,M,M,,,M,
2023-02-06 19:42:15,M,,M,,,M,,,,,M,,M,M,M,,,,,,,,,,,,,,,,,M,M,,,M,
2023-02-06 19:43:15,M,,M,,,M,,,,,M,,M,M,M,,,,,,,,,,,,,,,,,M,M,,,M,
2023-02-06 19:44:15,M,,M,,,M,,,,,M,,M,M,M,,,,,,,,,,,,,,,,,M,M,,,M,
2023-02-06 19:45:15,M,,M,,,M,,,,,M,,M,M,M,,,,,,,,,,,,,,,,,M,M,,,M,
2023-02-06 19:46:15,M,,M,,,M,,,,,M,,M,M,M,,,,,,,,,,,,,,,,,M,M,,,M,
2023-02-06 19:47:15,M,,M,,,M,,,,,M,,M,M,M,,,,,,,,,,,,,,,,,M,M,,,M,
2023-02-06 19:48:15,M,,M,,,M,,,,,M,,M,M,M,,,,,,,,,,,,,,,,,M,M,,,M,
2023-02-06 19:49:15,M,,M,,,M,,,,,M,,M,M,M,,,,,,,,,,,,,,,,,M,M,,,M,
2023-02-06 19:50:15,M,,M,,,M,,,,,M,,M,M,M,,,,,,,,,,,,,,,,,M,M,,,M,
2023-02-06 19:51:15,M,,M,,,M,,,,,M,,M,M,M,,,,,,,,,,,,,,,,,M,M,,,M,
2023-02-06 19:52:15,M,,M,,,M,,,,,M,,M,M,M,,,,,,,,,,,,,,,,,M,M,,,M,
2023-02-06 19:53:15,M,,M,,,M,,,,,M,,M,M,M,,,,,,,,,,,,,,,,,M,M,,,M,
2023-02-06 19:54:15,M,,M,,,M,,,,,M,,M,M,M,,,,,,,,,,,,,,,,,M,M,,,M,
2023-02-06 19:55:15,M,,M,,,M,,,,,M,,M,M,M,,,,,,,,,,,,,,,,,M,M,,,M,
2023-02-06 19:56:15,M,,M,,,M,,,,,M,,M,M,M,,,,,,,,,,,,,,,,,M,M,,,M,
2023-02-06 19:57:15,M,,M,,,M,,,,,M,,M,M,M,,,,,,,,,,,,,,,,,M,M,,,M,
2023-02-06 19:58:15,M,,M,,,M,,,,,M,,M,M,M,,,,,,,,,,,,,,,,,M,M,,,M,
2023-02-06 19:59:15,M,,M,,,M,,,,,M,,M,M,M,,,,,,,,,,,,,,,,,M,M,,,M,
2023-02-06 20:00:15,M,,M,,,M,,,,,M,,M,M,M,,,,,,,,,,,,,,,,,M,M,,,M,
2023-02-06 20:01:15,M,,M,,,M,,,,,M,,M,M,M,,,,,,,,,,,,,,,,,M,M,,,M,
2023-02-06 20:02:15,M,,M,,,M,,,,,M,,M,M,M,,,,,,,,,,,,,,,,,M,M,,,M,
2023-02-06 20:03:15,M,,M,,,M,,,,,M,,M,M,M,,,,,,,,,,,,,,,,,M,M,,,M,
2023-02-06 20:04:15,M,,M,,,M,,,,,M,,M,M,M,,,,,,,,,,,,,,,,,M,M,,,M,
2023-02-06 20:05:15,M,,M,,,M,,,,,M,,M,M,M,,,,,,,,,,,,,,,,,M,M,,,M,
2023-02-06 20:06:15,M,,M,,,M,,,,,M,,M,M,M,,,,,,,,,,,,,,,,,M,M,,,M,
2023-02-06 20:07:15,M,,M,,,M,,,,,M,,M,M,M,,,,,,,,,,,,,,,,,M,M,,,M,
2023-02-06 20:08:15,M,,M,,,M,,,,,M,,M,M,M,,,,,,,,,,,,,,,,,M,M,,,M,
2023-02-06 20:09:15,M,,M,,,M,,,,,M,,M,M,M,,,,,,,,,,,,,,,,,M,M,,,M,
2023-02-06 20:10:15,M,,M,,,M,,,,,M,,M,M,M,,,,,,,,,,,,,,,,,M,M,,,M,
2023-02-06 20:11:15,M,,M,,,M,,,,,M,,M,M,M,,,,,,,,,,,,,,,,,M,M,,,M,
2023-02-06 20:12:15,M,,M,,,M,,,,,M,,M,M,M,,,,,,,,,,,,,,,,,M,M,,,M,
2023-02-06 20:13:15,M,,M,,,M,,,,,M,,M,M,M,,,,,,,,,,,,,,,,,M,M,,,M,
2023-02-06 20:14:15,M,,M,,,M,,,,,M,,M,M,M,,,,,,,,,,,,,,,,,M,M,,,M,
2023-02-06 20:15:15,M,,M,,,M,,,,,M,,M,M,M,,,,,,,,,,,,,,,,,M,M,,,M,
2023-02-06 20:16:15,M,,M,,,M,,,,,M,,M,M,M,,,,,,,,,,,,,,,,,M,M,,,M,
2023-02-06 20:17:15,M,,M,,,M,,,,,M,,M,M,M,,,,,,,,,,,,,,,,,M,M,,,M,
2023-02-06 20:18:15,M,,M,,,M,,,,,M,,M,M,M,,,,,,,,,,,,,,,,,M,M,,,M,
2023-02-06 20:19:15,M,,M,,,M,,,,,M,,M,M,M,,,,,,,,,,,,,,,,,M,M,,,M,
2023-02-06 20:20:15,M,,M,,,M,,,,,M,,M,M,M,,,,,,,,,,,,,,,,,M,M,,,M,
2023-02-06 20:21:15,M,,M,,,M,,,,,M,,M,M,M,,,,,,,,,,,,,,,,,M,M,,,M,
2023-02-06 20:22:15,M,,M,,,M,,,,,M,,M,M,M,,,,,,,,,,,,,,,,,M,M,,,M,
2023-02-06 20:23:15,M,,M,,,M,,,,,M,,M,M,M,,,,,,,,,,,,,,,,,M,M,,,M,
2023-02-06 20:24:15,M,,M,,,M,,,,,M,,M,M,M,,,,,,,,,,,,,,,,,M,M,,,M,
2023-02-06 20:25:15,M,,M,,,M,,,,,M,,M,M,M,,,,,,,,,,,,,,,,,M,M,,,M,
2023-02-06 20:26:15,M,,M,,,M,,,,,M,,M,M,M,,,,,,,,,,,,,,,,,M,M,,,M,
2023-02-06 20:27:15,M,,M,,,M,,,,,M,,M,M,M,,,,,,,,,,,,,,,,,M,M,,,M,
2023-02-06 20:28:15,M,,M,,,M,,,,,M,,M,M,M,,,,,,,,,,,,,,,,,M,M,,,M,
2023-02-06 20:29:15,M,,M,,,M,,,,,M,,M,M,M,,,,,,,,,,,,,,,,,M,M,,,M,
2023-02-06 20:30:15,M,,M,,,M,,,,,M,,M,M,M,,,,,,,,,,,,,,,,,M,M,,,M,
2023-02-06 20:31:15,M,,M,,,M,,,,,M,,M,M,M,,,,,,,,,,,,,,,,,M,M,,,M,
2023-02-06 20:32:15,M,,M,,,M,,,,,M,,M,M,M,,,,,,,,,,,,,,,,,M,M,,,M,
2023-02-06 20:33:15,M,,M,,,M,,,,,M,,M,M,M,,,,,,,,,,,,,,,,,M,M,,,M,
2023-02-06 20:34:15,M,,M,,,M,,,,,M,,M,M,M,,,,,,,,,,,,,,,,,M,M,,,M,
2023-02-06 20:35:15,M,,M,,,M,,,,,M,,M,M,M,,,,,,,,,,,,,,,,,M,M,,,M,
2023-02-06 20:36:15,M,,M,,,M,,,,,M,,M,M,M,,,,,,,,,,,,,,,,,M,M,,,M,
2023-02-06 20:37:15,M,,M,,,M,,,,,M,,M,M,M,,,,,,,,,,,,,,,,,M,M,,,M,
2023-02-06 20:38:15,M,,M,,,M,,,,,M,,M,M,M,,,,,,,,,,,,,,,,,M,M,,,M,
2023-02-06 20:39:15,M,,M,,,M,,,,,M,,M,M,M,,,,,,,,,,,,,,,,,M,M,,,M,
2023-02-06 20:40:15,M,,M,,,M,,,,,M,,M,M,M,,,,,,,,,,,,,,,,,M,M,,,M,
2023-02-06 20:41:15,M,,M,,,M,,,,,M,,M,M,M,,,,,,,,,,,,,,,,,M,M,,,M,
2023-02-06 20:42:15,M,,M,,,M,,,,,M,,M,M,M,,,,,,,,,,,,,,,,,M,M,,,M,
2023-02-06 20:43:15,M,,M,,,M,,,,,M,,M,M,M,,,,,,,,,,,,,,,,,M,M,,,M,
2023-02-06 20:44:15,M,,M,,,M,,,,,M,,M,M,M,,,,,,,,,,,,,,,,,M,M,,,M,
2023-02-06 20:45:15,M,,M,,,M,,,,,M,,M,M,M,,,,,,,,,,,,,,,,,M,M,,,M,
2023-02-06 20:46:15,M,,M,,,M,,,,,M,,M,M,M,,,,,,,,,,,,,,,,,M,M,,,M,
2023-02-06 20:47:15,M,,M,,,M,,,,,M,,M,M,M,,,,,,,,,,,,,,,,,M,M,,,M,
2023-02-06 20:48:15,M,,M,,,M,,,,,M,,M,M,M,,,,,,,,,,,,,,,,,M,M,,,M,
2023-02-06 20:49:15,M,,M,,,M,,,,,M,,M,M,M,,,,,,,,,,,,,,,,,M,M,,,M,
2023-02-06 20:50:15,M,,M,,,M,,,,,M,,M,M,M,,,,,,,,,,,,,,,,,M,M,,,M,
2023-02-06 20:51:15,M,,M,,,M,,,,,M,,M,M,M,,,,,,,,,,,,,,,,,M,M,,,M,
2023-02-06 20:52:15,M,,M,,,M,,,,,M,,M,M,M,,,,,,,,,,,,,,,,,M,M,,,M,
2023-02-06 20:53:15,M,,M,,,M,,,,,M,,M,M,M,,,,,,,,,,,,,,,,,M,M,,,M,
2023-02-06 20:54:15,M,,M,,,M,,,,,M,,M,M,M,,,,,,,,,,,,,,,,,M,M,,,M,
2023-02-06 20:55:15,M,,M,,,M,,,,,M,,M,M,M,,,,,,,,,,,,,,,,,M,M,,,M,
2023-02-06 20:56:15,M,,M,,,M,,,,,M,,M,M,M,,,,,,,,,,,,,,,,,M,M,,,M,
2023-02-06 20:57:15,M,,M,,,M,,,,,M,,M,M,M,,,,,,,,,,,,,,,,,M,M,,,M,
2023-02-06 20:58:15,M,,M,,,M,,,,,M,,M,M,M,,,,,,,,,,,,,,,,,M,M,,,M,
2023-02-06 20:59:15,M,,M,,,M,,,,,M,,M,M,M,,,,,,,,,,,,,,,,,M,M,,,M,
2023-02-06 21:00:15,M,,M,,,M,,,,,M,,M,M,M,,,,,,,,,,,,,,,,,M,M,,,M,
2023-02-06 21:01:15,M,,M,,,M,,,,,M,,M,M,M,,,,,,,,,,,,,,,,,M,M,,,M,
2023-02-06 21:02:15,M,,M,,,M,,,,,M,,M,M,M,,,,,,,,,,,,,,,,,M,M,,,M,
2023-02-06 21:03:15,M,,M,,,M,,,,,M,,M,M,M,,,,,,,,,,,,,,,,,M,M,,,M,
2023-02-06 21:04:15,M,,M,,,M,,,,,M,,M,M,M,,,,,,,,,,,,,,,,,M,M,,,M,
2023-02-06 21:05:15,M,,M,,,M,,,,,M,,M,M,M,,,,,,,,,,,,,,,,,M,M,,,M,
2023-02-06 21:06:15,M,,M,,,M,,,,,M,,M,M,M,,,,,,,,,,,,,,,,,M,M,,,M,
2023-02-06 21:07:15,M,,M,,,M,,,,,M,,M,M,M,,,,,,,,,,,,,,,,,M,M,,,M,
2023-02-06 21:08:15,M,,M,,,M,,,,,M,,M,M,M,,,,,,,,,,,,,,,,,M,M,,,M,
2023-02-06 21:09:15,M,,M,,,M,,,,,M,,M,M,M,,,,,,,,,,,,,,,,,M,M,,,M,
2023-02-06 21:10:15,M,,M,,,M,,,,,M,,M,M,M,,,,,,,,,,,,,,,,,M,M,,,M,
2023-02-06 21:11:15,M,,M,,,M,,,,,M,,M,M,M,,,,,,,,,,,,,,,,,M,M,,,M,
2023-02-06 21:12:15,M,,M,,,M,,,,,M,,M,M,M,,,,,,,,,,,,,,,,,M,M,,,M,
2023-02-06 21:13:15,M,,M,,,M,,,,,M,,M,M,M,,,,,,,,,,,,,,,,,M,M,,,M,
2023-02-06 21:14:15,M,,M,,,M,,,,,M,,M,M,M,,,,,,,,,,,,,,,,,M,M,,,M,
2023-02-06 21:15:15,M,,M,,,M,,,,,M,,M,M,M,,,,,,,,,,,,,,,,,M,M,,,M,
2023-02-06 21:16:15,M,,M,,,M,,,,,M,,M,M,M,,,,,,,,,,,,,,,,,M,M,,,M,
2023-02-06 21:17:15,M,,M,,,M,,,,,M,,M,M,M,,,,,,,,,,,,,,,,,M,M,,,M,
2023-02-06 21:18:15,M,,M,,,M,,,,,M,,M,M,M,,,,,,,,,,,,,,,,,M,M,,,M,
2023-02-06 21:19:15,M,,M,,,M,,,,,M,,M,M,M,,,,,,,,,,,,,,,,,M,M,,,M,
2023-02-06 21:20:15,M,,M,,,M,,,,,M,,M,M,M,,,,,,,,,,,,,,,,,M,M,,,M,
2023-02-06 21:21:15,M,,M,,,M,,,,,M,,M,M,M,,,,,,,,,,,,,,,,,M,M,,,M,
2023-02-06 21:22:15,M,,M,,,M,,,,,M,,M,M,M,,,,,,,,,,,,,,,,,M,M,,,M,
2023-02-06 21:23:15,M,,M,,,M,,,,,M,,M,M,M,,,,,,,,,,,,,,,,,M,M,,,M,
2023-02-06 21:24:15,M,,M,,,M,,,,,M,,M,M,M,,,,,,,,,,,,,,,,,M,M,,,M,
2023-02-06 21:25:15,M,,M,,,M,,,,,M,,M,M,M,,,,,,,,,,,,,,,,,M,M,,,M,
2023-02-06 21:26:15,M,,M,,,M,,,,,M,,M,M,M,,,,,,,,,,,,,,,,,M,M,,,M,
2023-02-06 21:27:15,M,,M,,,M,,,,,M,,M,M,M,,,,,,,,,,,,,,,,,M,M,,,M,
2023-02-06 21:28:15,M,,M,,,M,,,,,M,,M,M,M,,,,,,,,,,,,,,,,,M,M,,,M,
2023-02-06 21:29:15,M,,M,,,M,,,,,M,,M,M,M,,,,,,,,,,,,,,,,,M,M,,,M,
2023-02-06 21:30:15,M,,M,,,M,,,,,M,,M,M,M,,,,,,,,,,,,,,,,,M,M,,,M,
2023-02-06 21:31:15,M,,M,,,M,,,,,M,,M,M,M,,,,,,,,,,,,,,,,,M,M,,,M,
2023-02-06 21:32:15,M,,M,,,M,,,,,M,,M,M,M,,,,,,,,,,,,,,,,,M,M,,,M,
2023-02-06 21:33:15,M,,M,,,M,,,,,M,,M,M,M,,,,,,,,,,,,,,,,,M,M,,,M,
2023-02-06 21:34:15,M,,M,,,M,,,,,M,,M,M,M,,,,,,,,,,,,,,,,,M,M,,,M,
2023-02-06 21:35:15,M,,M,,,M,,,,,M,,M,M,M,,,,,,,,,,,,,,,,,M,M,,,M,
2023-02-06 21:36:15,M,,M,,,M,,,,,M,,M,M,M,,,,,,,,,,,,,,,,,M,M,,,M,
2023-02-06 21:37:15,M,,M,,,M,,,,,M,,M,M,M,,,,,,,,,,,,,,,,,M,M,,,M,
2023-02-06 21:38:15,M,,M,,,M,,,,,M,,M,M,M,,,,,,,,,,,,,,,,,M,M,,,M,
2023-02-06 21:39:15,M,,M,,,M,,,,,M,,M,M,M,,,,,,,,,,,,,,,,,M,M,,,M,
2023-02-06 21:40:15,M,,M,,,M,,,,,M,,M,M,M,,,,,,,,,,,,,,,,,M,M,,,M,
2023-02-06 21:41:15,M,,M,,,M,,,,,M,,M,M,M,,,,,,,,,,,,,,,,,M,M,,,M,
2023-02-06 21:42:15,M,,M,,,M,,,,,M,,M,M,M,,,,,,,,,,,,,,,,,M,M,,,M,
2023-02-06 21:43:15,M,,M,,,M,,,,,M,,M,M,M,,,,,,,,,,,,,,,,,M,M,,,M,
2023-02-06 21:44:15,M,,M,,,M,,,,,M,,M,M,M,,,,,,,,,,,,,,,,,M,M,,,M,
2023-02-06 21:45:15,M,,M,,,M,,,,,M,,M,M,M,,,,,,,,,,,,,,,,,M,M,,,M,
2023-02-06 21:46:15,M,,M,,,M,,,,,M,,M,M,M,,,,,,,,,,,,,,,,,M,M,,,M,
2023-02-06 21:47:15,M,,M,,,M,,,,,M,,M,M,M,,,,,,,,,,,,,,,,,M,M,,,M,
2023-02-06 21:48:15,M,,M,,,M,,,,,M,,M,M,M,,,,,,,,,,,,,,,,,M,M,,,M,
2023-02-06 21:49:15,M,,M,,,M,,,,,M,,M,M,M,,,,,,,,,,,,,,,,,M,M,,,M,
2023-02-06 21:50:15,M,,M,,,M,,,,,M,,M,M,M,,,,,,,,,,,,,,,,,M,M,,,M,
2023-02-06 21:51:15,M,,M,,,M,,,,,M,,M,M,M,,,,,,,,,,,,,,,,,M,M,,,M,
2023-02-06 21:52:15,M,,M,,,M,,,,,M,,M,M,M,,,,,,,,,,,,,,,,,M,M,,,M,
2023-02-06 21:53:15,M,,M,,,M,,,,,M,,M,M,M,,,,,,,,,,,,,,,,,M,M,,,M,
2023-02-06 21:54:15,M,,M,,,M,,,,,M,,M,M,M,,,,,,,,,,,,,,,,,M,M,,,M,
2023-02-06 21:55:15,M,,M,,,M,,,,,M,,M,M,M,,,,,,,,,,,,,,,,,M,M,,,M,
2023-02-06 21:56:15,M,,M,,,M,,,,,M,,M,M,M,,,,,,,,,,,,,,,,,M,M,,,M,
2023-02-06 21:57:15,M,,M,,,M,,,,,M,,M,M,M,,,,,,,,,,,,,,,,,M,M,,,M,
2023-02-06 21:58:15,M,,M,,,M,,,,,M,,M,M,M,,,,,,,,,,,,,,,,,M,M,,,M,
2023-02-06 21:59:15,M,,M,,,M,,,,,M,,M,M,M,,,,,,,,,,,,,,,,,M,M,,,M,
2023-02-06 22:00:15,M,,M,,,M,,,,,M,,M,M,M,,,,,,,,,,,,,,,,,M,M,,,M,
2023-02-06 22:01:15,M,,M,,,M,,,,,M,,M,M,M,,,,,,,,,,,,,,,,,M,M,,,M,
2023-02-06 22:02:15,M,,M,,,M,,,,,M,,M,M,M,,,,,,,,,,,,,,,,,M,M,,,M,
2023-02-06 22:03:15,M,,M,,,M,,,,,M,,M,M,M,,,,,,,,,,,,,,,,,M,M,,,M,
2023-02-06 22:04:15,M,,M,,,M,,,,,M,,M,M,M,,,,,,,,,,,,,,,,,M,M,,,M,
2023-02-06 22:05:15,M,,M,,,M,,,,,M,,M,M,M,,,,,,,,,,,,,,,,,M,M,,,M,
2023-02-06 22:06:15,M,,M,,,M,,,,,M,,M,M,M,,,,,,,,,,,,,,,,,M,M,,,M,
2023-02-06 22:07:15,M,,M,,,M,,,,,M,,M,M,M,,,,,,,,,,,,,,,,,M,M,,,M,
2023-02-06 22:08:15,M,,M,,,M,,,,,M,,M,M,M,,,,,,,,,,,,,,,,,M,M,,,M,
2023-02-06 22:09:15,M,,M,,,M,,,,,M,,M,M,M,,,,,,,,,,,,,,,,,M,M,,,M,
2023-02-06 22:10:15,M,,M,,,M,,,,,M,,M,M,M,,,,,,,,,,,,,,,,,M,M,,,M,
2023-02-06 22:11:15,M,,M,,,M,,,,,M,,M,M,M,,,,,,,,,,,,,,,,,M,M,,,M,
2023-02-06 22:12:15,M,,M,,,M,,,,,M,,M,M,M,,,,,,,,,,,,,,,,,M,M,,,M,
2023-02-06 22:13:15,M,,M,,,M,,,,,M,,M,M,M,,,,,,,,,,,,,,,,,M,M,,,M,
2023-02-06 22:14:15,M,,M,,,M,,,,,M,,M,M,M,,,,,,,,,,,,,,,,,M,M,,,M,
2023-02-06 22:15:15,M,,M,,,M,,,,,M,,M,M,M,,,,,,,,,,,,,,,,,M,M,,,M,
2023-02-06 22:16:15,M,,M,,,M,,,,,M,,M,M,M,,,,,,,,,,,,,,,,,M,M,,,M,
2023-02-06 22:17:15,M,,M,,,M,,,,,M,,M,M,M,,,,,,,,,,,,,,,,,M,M,,,M,
2023-02-06 22:18:15,M,,M,,,M,,,,,M,,M,M,M,,,,,,,,,,,,,,,,,M,M,,,M,
2023-02-06 22:19:15,M,,M,,,M,,,,,M,,M,M,M,,,,,,,,,,,,,,,,,M,M,,,M,
2023-02-06 22:20:15,M,,M,,,M,,,,,M,,M,M,M,,,,,,,,,,,,,,,,,M,M,,,M,
2023-02-06 22:21:15,M,,M,,,M,,,,,M,,M,M,M,,,,,,,,,,,,,,,,,M,M,,,M,
2023-02-06 22:22:15,M,,M,,,M,,,,,M,,M,M,M,,,,,,,,,,,,,,,,,M,M,,,M,
2023-02-06 22:23:15,M,,M,,,M,,,,,M,,M,M,M,,,,,,,,,,,,,,,,,M,M,,,M,
2023-02-06 22:24:15,M,,M,,,M,,,,,M,,M,M,M,,,,,,,,,,,,,,,,,M,M,,,M,
2023-02-06 22:25:15,M,,M,,,M,,,,,M,,M,M,M,,,,,,,,,,,,,,,,,M,M,,,M,
2023-02-06 22:26:15,M,,M,,,M,,,,,M,,M,M,M,,,,,,,,,,,,,,,,,M,M,,,M,
2023-02-06 22:27:15,M,,M,,,M,,,,,M,,M,M,M,,,,,,,,,,,,,,,,,M,M,,,M,
2023-02-06 22:28:15,M,,M,,,M,,,,,M,,M,M,M,,,,,,,,,,,,,,,,,M,M,,,M,
2023-02-06 22:29:15,M,,M,,,M,,,,,M,,M,M,M,,,,,,,,,,,,,,,,,M,M,,,M,
2023-02-06 22:30:15,M,,M,,,M,,,,,M,,M,M,M,,,,,,,,,,,,,,,,,M,M,,,M,
2023-02-06 22:31:15,M,,M,,,M,,,,,M,,M,M,M,,,,,,,,,,,,,,,,,M,M,,,M,
2023-02-06 22:32:15,M,,M,,,M,,,,,M,,M,M,M,,,,,,,,,,,,,,,,,M,M,,,M,
2023-02-06 22:33:15,M,,M,,,M,,,,,M,,M,M,M,,,,,,,,,,,,,,,,,M,M,,,M,
2023-02-06 22:34:15,M,,M,,,M,,,,,M,,M,M,M,,,,,,,,,,,,,,,,,M,M,,,M,
2023-02-06 22:35:15,M,,M,,,M,,,,,M,,M,M,M,,,,,,,,,,,,,,,,,M,M,,,M,
2023-02-06 22:36:15,M,,M,,,M,,,,,M,,M,M,M,,,,,,,,,,,,,,,,,M,M,,,M,
2023-02-06 22:37:15,M,,M,,,M,,,,,M,,M,M,M,,,,,,,,,,,,,,,,,M,M,,,M,
2023-02-06 22:38:15,M,,M,,,M,,,,,M,,M,M,M,,,,,,,,,,,,,,,,,M,M,,,M,
2023-02-06 22:39:15,M,,M,,,M,,,,,M,,M,M,M,,,,,,,,,,,,,,,,,M,M,,,M,
2023-02-06 22:40:15,M,,M,,,M,,,,,M,,M,M,M,,,,,,,,,,,,,,,,,M,M,,,M,
2023-02-06 22:41:15,M,,M,,,M,,,,,M,,M,M,M,,,,,,,,,,,,,,,,,M,M,,,M,
2023-02-06 22:42:15,M,,M,,,M,,,,,M,,M,M,M,,,,,,,,,,,,,,,,,M,M,,,M,
2023-02-06 22:43:15,M,,M,,,M,,,,,M,,M,M,M,,,,,,,,,,,,,,,,,M,M,,,M,
2023-02-06 22:44:15,M,,M,,,M,,,,,M,,M,M,M,,,,,,,,,,,,,,,,,M,M,,,M,
2023-02-06 22:45:15,M,,M,,,M,,,,,M,,M,M,M,,,,,,,,,,,,,,,,,M,M,,,M,
2023-02-06 22:46:15,M,,M,,,M,,,,,M,,M,M,M,,,,,,,,,,,,,,,,,M,M,,,M,
2023-02-06 22:47:15,M,,M,,,M,,,,,M,,M,M,M,,,,,,,,,,,,,,,,,M,M,,,M,
2023-02-06 22:48:15,M,,M,,,M,,,,,M,,M,M,M,,,,,,,,,,,,,,,,,M,M,,,M,
2023-02-06 22:49:15,M,,M,,,M,,,,,M,,M,M,M,,,,,,,,,,,,,,,,,M,M,,,M,
2023-02-06 22:50:15,M,,M,,,M,,,,,M,,M,M,M,,,,,,,,,,,,,,,,,M,M,,,M,
2023-02-06 22:51:15,M,,M,,,M,,,,,M,,M,M,M,,,,,,,,,,,,,,,,,M,M,,,M,
2023-02-06 22:52:15,M,,M,,,M,,,,,M,,M,M,M,,,,,,,,,,,,,,,,,M,M,,,M,
2023-02-06 22:53:15,M,,M,,,M,,,,,M,,M,M,M,,,,,,,,,,,,,,,,,M,M,,,M,
2023-02-06 22:54:15,M,,M,,,M,,,,,M,,M,M,M,,,,,,,,,,,,,,,,,M,M,,,M,
2023-02-06 22:55:15,M,,M,,,M,,,,,M,,M,M,M,,,,,,,,,,,,,,,,,M,M,,,M,
2023-02-06 22:56:15,M,,M,,,M,,,,,M,,M,M,M,,,,,,,,,,,,,,,,,M,M,,,M,
2023-02-06 22:57:15,M,,M,,,M,,,,,M,,M,M,M,,,,,,,,,,,,,,,,,M,M,,,M,
2023-02-06 22:58:15,M,,M,,,M,,,,,M,,M,M,M,,,,,,,,,,,,,,,,,M,M,,,M,
2023-02-06 22:59:15,M,,M,,,M,,,,,M,,M,M,M,,,,,,,,,,,,,,,,,M,M,,,M,
2023-02-06 23:00:15,M,,M,,,M,,,,,M,,M,M,M,,,,,,,,,,,,,,,,,M,M,,,M,
2023-02-06 23:01:15,M,,M,,,M,,,,,M,,M,M,M,,,,,,,,,,,,,,,,,M,M,,,M,
2023-02-06 23:02:15,M,,M,,,M,,,,,M,,M,M,M,,,,,,,,,,,,,,,,,M,M,,,M,
2023-02-06 23:03:15,M,,M,,,M,,,,,M,,M,M,M,,,,,,,,,,,,,,,,,M,M,,,M,
2023-02-06 23:04:15,M,,M,,,M,,,,,M,,M,M,M,,,,,,,,,,,,,,,,,M,M,,,M,
2023-02-06 23:05:15,M,,M,,,M,,,,,M,,M,M,M,,,,,,,,,,,,,,,,,M,M,,,M,
2023-02-06 23:06:15,M,,M,,,M,,,,,M,,M,M,M,,,,,,,,,,,,,,,,,M,M,,,M,
2023-02-06 23:07:15,M,,M,,,M,,,,,M,,M,M,M,,,,,,,,,,,,,,,,,M,M,,,M,
2023-02-06 23:08:15,M,,M,,,M,,,,,M,,M,M,M,,,,,,,,,,,,,,,,,M,M,,,M,
2023-02-06 23:09:15,M,,M,,,M,,,,,M,,M,M,M,,,,,,,,,,,,,,,,,M,M,,,M,
2023-02-06 23:10:15,M,,M,,,M,,,,,M,,M,M,M,,,,,,,,,,,,,,,,,M,M,,,M,
2023-02-06 23:11:15,M,,M,,,M,,,,,M,,M,M,M,,,,,,,,,,,,,,,,,M,M,,,M,
2023-02-06 23:12:15,M,,M,,,M,,,,,M,,M,M,M,,,,,,,,,,,,,,,,,M,M,,,M,
2023-02-06 23:13:15,M,,M,,,M,,,,,M,,M,M,M,,,,,,,,,,,,,,,,,M,M,,,M,
2023-02-06 23:14:15,M,,M,,,M,,,,,M,,M,M,M,,,,,,,,,,,,,,,,,M,M,,,M,
2023-02-06 23:15:15,M,,M,,,M,,,,,M,,M,M,M,,,,,,,,,,,,,,,,,M,M,,,M,
2023-02-06 23:16:15,M,,M,,,M,,,,,M,,M,M,M,,,,,,,,,,,,,,,,,M,M,,,M,
2023-02-06 23:17:15,M,,M,,,M,,,,,M,,M,M,M,,,,,,,,,,,,,,,,,M,M,,,M,
2023-02-06 23:18:15,M,,M,,,M,,,,,M,,M,M,M,,,,,,,,,,,,,,,,,M,M,,,M,
2023-02-06 23:19:15,M,,M,,,M,,,,,M,,M,M,M,,,,,,,,,,,,,,,,,M,M,,,M,
2023-02-06 23:20:15,M,,M,,,M,,,,,M,,M,M,M,,,,,,,,,,,,,,,,,M,M,,,M,
2023-02-06 23:21:15,M,,M,,,M,,,,,M,,M,M,M,,,,,,,,,,,,,,,,,M,M,,,M,
2023-02-06 23:22:15,M,,M,,,M,,,,,M,,M,M,M,,,,,,,,,,,,,,,,,M,M,,,M,
2023-02-06 23:23:15,M,,M,,,M,,,,,M,,M,M,M,,,,,,,,,,,,,,,,,M,M,,,M,
2023-02-06 23:24:15,M,,M,,,M,,,,,M,,M,M,M,,,,,,,,,,,,,,,,,M,M,,,M,
2023-02-06 23:25:15,M,,M,,,M,,,,,M,,M,M,M,,,,,,,,,,,,,,,,,M,M,,,M,
2023-02-06 23:26:15,M,,M,,,M,,,,,M,,M,M,M,,,,,,,,,,,,,,,,,M,M,,,M,
2023-02-06 23:27:15,M,,M,,,M,,,,,M,,M,M,M,,,,,,,,,,,,,,,,,M,M,,,M,
2023-02-06 23:28:15,M,,M,,,M,,,,,M,,M,M,M,,,,,,,,,,,,,,,,,M,M,,,M,
2023-02-06 23:29:15,M,,M,,,M,,,,,M,,M,M,M,,,,,,,,,,,,,,,,,M,M,,,M,
2023-02-06 23:30:15,M,,M,,,M,,,,,M,,M,M,M,,,,,,,,,,,,,,,,,M,M,,,M,
2023-02-06 23:31:15,M,,M,,,M,,,,,M,,M,M,M,,,,,,,,,,,,,,,,,M,M,,,M,
2023-02-06 23:32:15,M,,M,,,M,,,,,M,,M,M,M,,,,,,,,,,,,,,,,,M,M,,,M,
2023-02-06 23:33:15,M,,M,,,M,,,,,M,,M,M,M,,,,,,,,,,,,,,,,,M,M,,,M,
2023-02-06 23:34:15,M,,M,,,M,,,,,M,,M,M,M,,,,,,,,,,,,,,,,,M,M,,,M,
2023-02-06 23:35:15,M,,M,,,M,,,,,M,,M,M,M,,,,,,,,,,,,,,,,,M,M,,,M,
2023-02-06 23:36:15,M,,M,,,M,,,,,M,,M,M,M,,,,,,,,,,,,,,,,,M,M,,,M,
2023-02-06 23:37:15,M,,M,,,M,,,,,M,,M,M,M,,,,,,,,,,,,,,,,,M,M,,,M,
2023-02-06 23:38:15,M,,M,,,M,,,,,M,,M,M,M,,,,,,,,,,,,,,,,,M,M,,,M,
2023-02-06 23:39:15,M,,M,,,M,,,,,M,,M,M,M,,,,,,,,,,,,,,,,,M,M,,,M,
2023-02-06 23:40:15,M,,M,,,M,,,,,M,,M,M,M,,,,,,,,,,,,,,,,,M,M,,,M,
2023-02-06 23:41:15,M,,M,,,M,,,,,M,,M,M,M,,,,,,,,,,,,,,,,,M,M,,,M,
2023-02-06 23:42:15,M,,M,,,M,,,,,M,,M,M,M,,,,,,,,,,,,,,,,,M,M,,,M,
2023-02-06 23:43:15,M,,M,,,M,,,,,M,,M,M,M,,,,,,,,,,,,,,,,,M,M,,,M,
2023-02-06 23:44:15,M,,M,,,M,,,,,M,,M,M,M,,,,,,,,,,,,,,,,,M,M,,,M,
2023-02-06 23:45:15,M,,M,,,M,,,,,M,,M,M,M,,,,,,,,,,,,,,,,,M,M,,,M,
2023-02-06 23:46:15,M,,M,,,M,,,,,M,,M,M,M,,,,,,,,,,,,,,,,,M,M,,,M,
2023-02-06 23:47:15,M,,M,,,M,,,,,M,,M,M,M,,,,,,,,,,,,,,,,,M,M,,,M,
2023-02-06 23:48:15,M,,M,,,M,,,,,M,,M,M,M,,,,,,,,,,,,,,,,,M,M,,,M,
2023-02-06 23:49:15,M,,M,,,M,,,,,M,,M,M,M,,,,,,,,,,,,,,,,,M,M,,,M,
2023-02-06 23:50:15,M,,M,,,M,,,,,M,,M,M,M,,,,,,,,,,,,,,,,,M,M,,,M,
2023-02-06 23:51:15,M,,M,,,M,,,,,M,,M,M,M,,,,,,,,,,,,,,,,,M,M,,,M,
2023-02-06 23:52:15,M,,M,,,M,,,,,M,,M,M,M,,,,,,,,,,,,,,,,,M,M,,,M,
2023-02-06 23:53:15,M,,M,,,M,,,,,M,,M,M,M,,,,,,,,,,,,,,,,,M,M,,,M,
2023-02-06 23:54:15,M,,M,,,M,,,,,M,,M,M,M,,,,,,,,,,,,,,,,,M,M,,,M,
2023-02-06 23:55:15,M,,M,,,M,,,,,M,,M,M,M,,,,,,,,,,,,,,,,,M,M,,,M,
2023-02-06 23:56:15,M,,M,,,M,,,,,M,,M,M,M,,,,,,,,,,,,,,,,,M,M,,,M,
2023-02-06 23:57:15,M,,M,,,M,,,,,M,,M,M,M,,,,,,,,,,,,,,,,,M,M,,,M,
2023-02-06 23:58:15,M,,M,,,M,,,,,M,,M,M,M,,,,,,,,,,,,,,,,,M,M,,,M,
2023-02-06 23:59:15,M,,M,,,M,,,,,M,,M,M,M,,,,,,,,,,,,,,,,,M,M,,,M,
